item_id,item_desc,p_up,p_down,p_level,obs,p_ch,p,p_r,up_sh,down_sh,upRank,downRank,name1,coicopname,sex,durability,goods_services,item_division,item_4dig
210102,LARGE LOAF-WHITE-UNSLICED-800G,4,71,40,115,-.043062158,1.15,1.2017499,.034782607,.61739129,43,496,Food and drink,Food and non-alcoholic beverages,Unisex,ND,Goods,21,2101
210106,SIX BREAD ROLLS-WHITE/BROWN,15,86,44,145,-.045801476,.80000001,.85360003,.10344828,.59310347,161,483,Food and drink,Food and non-alcoholic beverages,Unisex,ND,Goods,21,2101
210111,WHITE SLICED LOAF BRANDED 750G,38,72,40,150,-.0039840024,1.05,1.0527,.25333333,.47999999,431,390,Food and drink,Food and non-alcoholic beverages,Unisex,ND,Goods,21,2101
210113,WHOLEMEAL SLICED LOAF BRANDED,49,49,52,150,0,.99000001,1.0031999,.32666665,.32666665,502,185,Food and drink,Food and non-alcoholic beverages,Unisex,ND,Goods,21,2101
210114,CHILLED GARLIC BREAD,57,56,132,245,0,.85000002,.87479997,.23265307,.22857143,393,91,Food and drink,Food and non-alcoholic beverages,Unisex,ND,Goods,21,2101
210201,FLOUR-SELF-RAISING-1.5KG,75,7,66,148,.070093706,.69999999,.59990001,.50675678,.047297299,576,4,Food and drink,Food and non-alcoholic beverages,Unisex,ND,Goods,21,2102
210204,DRY SPAGHETTI OR PASTA 500G,16,111,117,244,0,.60000002,.70344996,.065573767,.45491803,94,354,Food and drink,Food and non-alcoholic beverages,Unisex,ND,Goods,21,2102
210211,CORN SNACK SINGLE PACK MAX 50G,47,25,58,130,0,.85000002,.84575003,.36153847,.1923077,531,70.5,Food and drink,Food and non-alcoholic beverages,Unisex,ND,Goods,21,2102
210212,BASMATI RICE 500G-1KG,24,63,62,149,0,1.6,1.6511999,.16107382,.42281878,273.5,305,Food and drink,Food and non-alcoholic beverages,Unisex,ND,Goods,21,2102
210213,BREAKFAST CEREAL 1,42,84,117,243,0,2.5,2.4387999,.17283951,.34567901,296,201,Food and drink,Food and non-alcoholic beverages,Unisex,ND,Goods,21,2102
210214,BREAKFAST CEREAL 2,28,98,103,229,0,1.9,1.9,.12227074,.42794761,201,309,Food and drink,Food and non-alcoholic beverages,Unisex,ND,Goods,21,2102
210215,CEREAL BAR,87,33,124,244,0,.25,.2,.35655737,.1352459,527,29,Food and drink,Food and non-alcoholic beverages,Unisex,ND,Goods,21,2102
210216,HOT OAT CEREAL,47,96,100,243,0,1.6,1.6,.19341564,.39506173,338,260,Food and drink,Food and non-alcoholic beverages,Unisex,ND,Goods,21,2102
210217,RICE MICRO POUCH/TRAY 220-280G,45,52,148,245,0,.99000001,.99000001,.18367347,.2122449,319.5,83,Food and drink,Food and non-alcoholic beverages,Unisex,ND,Goods,21,2102
210218,"POPCORN, BAG, 10-30G",65,40,122,227,0,.28999999,.29670003,.2863436,.17621145,465,59,Food and drink,Food and non-alcoholic beverages,Unisex,ND,Goods,21,2102
210219,BREAKFAST CEREAL GLUTEN FREE,10,80,118,208,0,2,2,.048076924,.38461539,67,244,Food and drink,,,,,21,2102
210301,CREAM CRACKERS PACK 200G-300G,58,24,67,149,0,.5,.509,.38926175,.16107382,548,50,Food and drink,Food and non-alcoholic beverages,Unisex,ND,Goods,21,2103
210302,PLAIN BISCUITS-200-300G,13,80,56,149,-.032882065,1,1,.087248325,.53691274,134,446.5,Food and drink,Food and non-alcoholic beverages,Unisex,ND,Goods,21,2103
210319,DOUGHNUT-EACH,27,69,50,146,-.0079365373,.25,.24675,.1849315,.47260273,322,379,Food and drink,Food and non-alcoholic beverages,Unisex,ND,Goods,21,2103
210320,WHOLE SPONGE CAKE NOT FROZEN,26,58,59,143,0,1.85,1.85,.18181819,.40559441,314,277,Food and drink,Food and non-alcoholic beverages,Unisex,ND,Goods,21,2103
210321,PACK OF 5-6 INDIVIDUAL CAKES,35,87,27,149,-.087591194,1.6,1.6,.23489933,.58389264,397,480,Food and drink,Food and non-alcoholic beverages,Unisex,ND,Goods,21,2103
210323,BISCUITS HALF CHOC 260-400G,82,44,119,245,0,1,.88640004,.33469388,.17959183,509,64,Food and drink,Food and non-alcoholic beverages,Unisex,ND,Goods,21,2103
210324,CRUMPETS PACK 6-9 SPEC NUMBER,74,35,123,232,0,.89999998,.89999998,.31896552,.15086207,494,40,Food and drink,,,,,21,2103
210403,HOME KILLED BEEF-LEAN MINCE KG,70,145,67,282,-.015748084,6.5999999,6.78052,.24822696,.51418442,427,430,Food and drink,Food and non-alcoholic beverages,Unisex,ND,Goods,21,2104
210406,HOME KLD BEEF-RUMP/POPES STEAK,29,150,96,275,-.021526393,15.77,17.472719,.10545454,.54545456,166,453,Food and drink,Food and non-alcoholic beverages,Unisex,ND,Goods,21,2104
210414,FROZEN BEEFBURGERS PACK OF 4,23,35,89,147,0,2.49,2.3980501,.15646258,.23809524,265,94,Food and drink,Food and non-alcoholic beverages,Unisex,ND,Goods,21,2104
210416,BEEF ROASTING JOINT PER KG,51,120,83,254,-.027710043,10.99,11.184,.2007874,.47244096,349,378,Food and drink,,,,,21,2104
210506,HK LAMB LOIN CHOP/STEAK PER KG,36,204,123,363,-.042145573,13.74,14.233781,.099173553,.56198347,154,467,Food and drink,Food and non-alcoholic beverages,Unisex,ND,Goods,21,2105
210703,HOME KILLED PORK-LOIN CHOPS KG,27,98,128,253,0,6.5700002,6.5999999,.10671937,.38735178,169,247,Food and drink,Food and non-alcoholic beverages,Unisex,ND,Goods,21,2107
210802,BACON-GAMMON-PER KG,49,80,139,268,0,6.9899998,6.9965,.18283582,.29850745,317,153,Food and drink,Food and non-alcoholic beverages,Unisex,ND,Goods,21,2108
210808,BACON-BACK-PER KG,101,85,96,282,0,6.9949999,7.6530647,.35815603,.30141845,528,159,Food and drink,Food and non-alcoholic beverages,Unisex,ND,Goods,21,2108
210905,FRESH/CHILLED CHICKEN  PER KG,45,127,85,257,-.0099009583,2.8800001,2.8900001,.17509727,.49416342,299,407,Food and drink,Food and non-alcoholic beverages,Unisex,ND,Goods,21,2109
210910,FRESH BONELESS CHICKEN BREAST,66,112,94,272,0,6.5799999,6.9287395,.24264705,.41176471,417,284,Food and drink,Food and non-alcoholic beverages,Unisex,ND,Goods,21,2109
210913,ROTISSERIE CHICKEN [WHOLE],0,36,10,46,-.017681759,5.0500002,5.2749996,0,.78260869,4.5,542,Food and drink,Food and non-alcoholic beverages,Unisex,ND,Goods,21,2109
210914,FRESH TURKEY DICED/MIN PER KG,3,43,28,74,-.062353306,6.4000001,6.4649997,.040540539,.58108109,52,479,Food and drink,,,,,21,2109
211007,CANNED MEAT-STEWED STEAK,34,39,71,144,0,2.1500001,2.04,.2361111,.27083334,402,135,Food and drink,Food and non-alcoholic beverages,Unisex,ND,Goods,21,2110
211011,INDIVIDUAL MEAT PIE,58,95,114,267,0,1.2,1.1928,.21722846,.35580525,377,218,Food and drink,Food and non-alcoholic beverages,Unisex,ND,Goods,21,2110
211014,SAUSAGES-PORK-PER KG,40,122,121,283,0,5.6100001,5.8800001,.14134276,.43109539,238,314,Food and drink,Food and non-alcoholic beverages,Unisex,ND,Goods,21,2110
211019,FROZ CHICKEN NUGGETS 220-600G,32,19,97,148,0,1.5,1.5,.21621622,.12837838,375,26,Food and drink,Food and non-alcoholic beverages,Unisex,ND,Goods,21,2110
211023,COOKED HAM PREPACKED SLICED,59,27,89,175,0,2,2,.33714285,.15428571,513,44,Food and drink,Food and non-alcoholic beverages,Unisex,ND,Goods,21,2110
211024,CONTINENTAL SLICED DELI MEAT,42,29,101,172,0,2.0999999,2.0420401,.24418604,.16860466,419,51,Food and drink,Food and non-alcoholic beverages,Unisex,ND,Goods,21,2110
211025,JOINT OV/READ GAM/POR 450-900G,31,10,121,162,0,4.3800001,4.2880201,.19135803,.061728396,334,5,Food and drink,Food and non-alcoholic beverages,Unisex,ND,Goods,21,2110
211026,CHICKEN KIEV 2 PACK 240-325G,65,81,87,233,0,2,1.972,.27896994,.34763947,456,205,Food and drink,Food and non-alcoholic beverages,Unisex,ND,Goods,21,2110
211027,H K LIVER PER KG STATE TYPE,10,60,76,146,-.0039840494,2.5,2.5,.06849315,.41095892,100.5,282,Food and drink,Food and non-alcoholic beverages,Unisex,ND,Goods,21,2110
211029,COOKED MEAT TURKEY/CHICK SLICE,69,146,145,360,0,1.8,1.8592501,.19166666,.40555555,335,276,Food and drink,Food and non-alcoholic beverages,Unisex,ND,Goods,21,2110
211030,MEAT BASED SNACK PACK MAX 400G,32,76,136,244,0,1.75,1.75,.13114753,.3114754,224,177,Food and drink,Food and non-alcoholic beverages,Unisex,ND,Goods,21,2110
211031,COOKED HAM LOOSE PER 100G,45,42,52,139,0,1.59,1.7,.32374102,.30215827,501,162,Food and drink,Food and non-alcoholic beverages,Unisex,ND,Goods,21,2110
211101,FRESH WHITE FISH FILLETS KG,11,61,76,148,0,15,14.980801,.074324325,.41216215,111,286,Food and drink,Food and non-alcoholic beverages,Unisex,ND,Goods,21,2111
211105,FRESH FISH-SALMON FILLETS-KG,61,35,55,151,.00050050643,13.47,13.47,.40397352,.23178808,554,92,Food and drink,Food and non-alcoholic beverages,Unisex,ND,Goods,21,2111
211106,FROZEN PRAWNS PER KG,46,26,100,172,0,16.334999,16,.26744187,.15116279,444,41,Food and drink,Food and non-alcoholic beverages,Unisex,ND,Goods,21,2111
211207,"CANNED FISH, TUNA, 130G-200G",35,68,45,148,0,.89999998,.95309997,.23648648,.45945945,403,362,Food and drink,Food and non-alcoholic beverages,Unisex,ND,Goods,21,2112
211210,FROZEN FISH FINGERS 8-12 PK,59,97,89,245,0,2.5,2.1386001,.24081632,.39591837,411,262,Food and drink,Food and non-alcoholic beverages,Unisex,ND,Goods,21,2112
211211,FROZEN BREAD/BAT FISH 400-550G,52,74,119,245,0,3.5,3.556,.2122449,.30204082,366,161,Food and drink,Food and non-alcoholic beverages,Unisex,ND,Goods,21,2112
211305,SPREADABLE BUTTER,38,106,99,243,0,3.25,3.5,.1563786,.436214,264,323,Food and drink,Food and non-alcoholic beverages,Unisex,ND,Goods,21,2113
211306,BUTTER 250G SPEC COO,80,64,99,243,0,1.7,1.7,.32921812,.26337448,507,128,Food and drink,Food and non-alcoholic beverages,Unisex,ND,Goods,21,2113
211407,MARGARINE/LOW FAT SPREAD-500G,30,82,38,150,-.13644214,1.3,1.49596,.2,.54666668,347.5,454.5,Food and drink,Food and non-alcoholic beverages,Unisex,ND,Goods,21,2114
211408,OLIVE OIL - 500ML - 1 LITRE,26,89,127,242,0,3.4000001,3.4000001,.10743801,.36776859,172,229,Food and drink,Food and non-alcoholic beverages,Unisex,ND,Goods,21,2114
211409,"PEANUT BUTTER, JAR, 225-350G",64,72,119,255,0,1.6900001,1.6011499,.25098041,.28235295,430,142,Food and drink,Food and non-alcoholic beverages,Unisex,ND,Goods,21,2114
211501,CHEDDAR-HOME PRODUCED PER KG,58,38,52,148,0,5.6300001,5.5387001,.3918919,.25675675,550,117,Food and drink,Food and non-alcoholic beverages,Unisex,ND,Goods,21,2115
211506,"CHEESE SPREAD, 125g-200g TUB",14,47,71,132,0,1.25,1.25,.10606061,.35606059,167,219,Food and drink,Food and non-alcoholic beverages,Unisex,ND,Goods,21,2115
211509,HARD REGIONAL CHEESE PER KG,56,28,62,146,0,7.0500002,6.9759998,.38356164,.19178082,544,69,Food and drink,Food and non-alcoholic beverages,Unisex,ND,Goods,21,2115
211510,PARMESAN CHEESE-PER KG,18,72,55,145,-.0019959884,17.5,17.9375,.12413793,.49655172,205,412,Food and drink,Food and non-alcoholic beverages,Unisex,ND,Goods,21,2115
211511,SOFT CONTINENTAL CHEESE - KG,42,66,132,240,0,8.1999998,8,.175,.27500001,298,137,Food and drink,Food and non-alcoholic beverages,Unisex,ND,Goods,21,2115
211602,EGGS-MEDIUM-PER DOZ OR 2 X 6,23,78,39,140,-.01574805,1.78,1.90975,.16428572,.55714285,280,463,Food and drink,Food and non-alcoholic beverages,Unisex,ND,Goods,21,2116
211603,EGGS-LARGE-PER DOZ OR 2 X 6,20,94,36,150,-.022482876,2.2,2.3205602,.13333334,.62666667,226,498,Food and drink,Food and non-alcoholic beverages,Unisex,ND,Goods,21,2116
211709,SHOP MILK-WHOLE MILK-4PT/2LTR,14,200,31,245,-.043062158,1.15,1.21785,.057142857,.81632656,85.5,546,Food and drink,Food and non-alcoholic beverages,Unisex,ND,Goods,21,2117
211710,MILK SEMI-PER 2 PINTS/1.136 L,27,52,69,148,0,.85000002,.84957504,.18243243,.35135135,316,213,Food and drink,Food and non-alcoholic beverages,Unisex,ND,Goods,21,2117
211713,"MILK FLAVOURED, 180-500MLS/GMS",34,26,164,224,0,1.15,1.15,.15178572,.11607143,252,22.5,Food and drink,Food and non-alcoholic beverages,Unisex,ND,Goods,21,2117
211714,NON-DAIRY MILK DRINK 900ML-1LT,49,109,86,244,0,1.4,1.4,.20081967,.44672132,350,343,Food and drink,Food and non-alcoholic beverages,Unisex,ND,Goods,21,2117
211807,"YOGHURT/FROMAGE 4-6PK, 45-125G",12,80,57,149,-.11504357,1.4,1.5,.080536909,.53691274,119.5,446.5,Food and drink,Food and non-alcoholic beverages,Unisex,ND,Goods,21,2118
211808,CHILLED POT DESSERT 125-200G,30,47,84,161,0,.68000001,.68000001,.1863354,.29192546,326,146,Food and drink,Food and non-alcoholic beverages,Unisex,ND,Goods,21,2118
211814,YOGHURT-SMALL INDIVIDUAL,30,37,84,151,0,.60000002,.64934999,.1986755,.24503312,344,104,Food and drink,Food and non-alcoholic beverages,Unisex,ND,Goods,21,2118
211815,FRESH DOUBLE CREAM 250ML-300ML,24,49,76,149,0,1.15,1.1528,.16107382,.32885906,273.5,186,Food and drink,Food and non-alcoholic beverages,Unisex,ND,Goods,21,2118
211816,POWDERED BABY FORMULA 400-900G,24,149,55,228,-.030067861,11,10.75,.10526316,.65350878,164.5,512,Food and drink,Food and non-alcoholic beverages,Unisex,ND,Goods,21,2118
211901,TEA BAGS PKT OF 80 (230G-250G),23,62,64,149,0,2,2,.15436241,.41610739,260,293,Food and drink,Food and non-alcoholic beverages,Unisex,ND,Goods,21,2119
211904,TEA BAGS-2-PACKET OF 240,39,59,74,172,0,3.49,3.4695599,.22674419,.34302327,386,197,Food and drink,Food and non-alcoholic beverages,Unisex,ND,Goods,21,2119
211905,"FLAVRD TEA 15-20 BAGS, 30-40G",66,45,123,234,0,1.7,1.7,.2820513,.1923077,458,70.5,Food and drink,Food and non-alcoholic beverages,Unisex,ND,Goods,21,2119
212001,"FRUIT SQUASH, 750ML - 1.5LT",56,48,137,241,0,1.5,1.5,.23236515,.19917013,392,75,Food and drink,Food and non-alcoholic beverages,Unisex,ND,Goods,21,2120
212006,FRUIT JUICE NOT ORANGE 1L,25,64,60,149,-.016715793,.94999999,.95309997,.16778524,.4295302,287,311,Food and drink,Food and non-alcoholic beverages,Unisex,ND,Goods,21,2120
212008,LEMONADE-2 LITRE BOTTLE,56,20,71,147,0,.5,.43658999,.38095239,.13605443,542,30,Food and drink,Food and non-alcoholic beverages,Unisex,ND,Goods,21,2120
212010,MINERAL WATER STILL 1.5-2L,33,67,121,221,0,.5,.49950001,.14932127,.30316743,248,165,Food and drink,Food and non-alcoholic beverages,Unisex,ND,Goods,21,2120
212015,FIZZY ENERGY DRINK 250-500ML,36,74,47,157,-.0089197066,1.4,1.46885,.22929937,.47133759,390,376.5,Food and drink,Food and non-alcoholic beverages,Unisex,ND,Goods,21,2120
212016,FRESH/CHILL ORANGE JUICE 900ML,60,36,55,151,0,1.79,1.482,.397351,.23841059,552,96,Food and drink,Food and non-alcoholic beverages,Unisex,ND,Goods,21,2120
212017,FIZZY BOTTLED DRINK 500ML,60,66,26,152,0,1.45,1.479435,.39473686,.43421054,551,318,Food and drink,Food and non-alcoholic beverages,Unisex,ND,Goods,21,2120
212020,FRUIT DRINK BOTTLE 4-8 PACK,11,124,87,222,-.19256099,1.5,2.25,.04954955,.55855858,71,464,Food and drink,Food and non-alcoholic beverages,Unisex,ND,Goods,21,2120
212021,BOTTLE STILL WATER 500ML,76,59,92,227,0,.25,.26050001,.33480176,.25991189,510,124,Food and drink,Food and non-alcoholic beverages,Unisex,ND,Goods,21,2120
212022,MIXER DRINK BOTTLE 1L EG TONIC,36,56,134,226,0,.60000002,.61215001,.15929204,.24778761,270,108,Food and drink,Food and non-alcoholic beverages,Unisex,ND,Goods,21,2120
212023,COLA/FIZZY DRINK 330ML PK 4-8,50,96,73,219,-.0069513107,3.0999999,3.2742002,.2283105,.43835616,388,327,Food and drink,Food and non-alcoholic beverages,Unisex,ND,Goods,21,2120
212024,FLAVOURED WATER BOTT 900ML-1.5,57,113,72,242,-.020568071,.55000001,.60025001,.23553719,.46694216,401,372,Food and drink,Food and non-alcoholic beverages,Unisex,ND,Goods,21,2120
212025,"COLA DRINK, REG,BOTTLE,1.25-2L",58,32,150,240,0,1.89,1.7658451,.24166666,.13333334,414,28,Food and drink,Food and non-alcoholic beverages,Unisex,ND,Goods,21,2120
212026,"COLA DRINK, DIET 1.25-2LTR",127,25,92,244,.046025094,1.5,1.44275,.52049178,.10245901,579,12,Food and drink,Food and non-alcoholic beverages,Unisex,ND,Goods,21,2120
212101,SUGAR -GRANULATED-WHITE-PER KG,66,36,143,245,0,.69999999,.699,.26938775,.14693877,448,36,Food and drink,Food and non-alcoholic beverages,Unisex,ND,Goods,21,2121
212106,JAR OF JAM-340-454G,31,72,43,146,-.031007729,.89999998,1,.21232876,.49315068,367,405,Food and drink,Food and non-alcoholic beverages,Unisex,ND,Goods,21,2121
212107,HONEY JAR/BOTTLE 340G-454G,63,118,63,244,0,2.25,2.2049997,.25819671,.48360655,436,395,Food and drink,Food and non-alcoholic beverages,Unisex,ND,Goods,21,2121
212202,MINTS,39,27,78,144,0,.64999998,.64999998,.27083334,.1875,449,67,Food and drink,Food and non-alcoholic beverages,Unisex,ND,Goods,21,2122
212211,CHOCOLATE 4,25,37,83,145,0,.69999999,.69999999,.1724138,.2551724,294,116,Food and drink,Food and non-alcoholic beverages,Unisex,ND,Goods,21,2122
212214,FRUIT PASTILLES 2,25,53,55,133,0,.64999998,.67469996,.18796992,.39849624,329,266,Food and drink,Food and non-alcoholic beverages,Unisex,ND,Goods,21,2122
212217,CHEWING/BUBBLE GUM-SINGLE PK,17,74,54,145,-.01477833,.60000002,.61260003,.11724138,.5103448,195,425,Food and drink,Food and non-alcoholic beverages,Unisex,ND,Goods,21,2122
212218,CARTON/BOX OF CHOCS 150-400GM,51,33,42,126,.0030180896,3,2.9949999,.40476191,.26190478,555,126,Food and drink,Food and non-alcoholic beverages,Unisex,ND,Goods,21,2122
212222,CHOCOLATE 10,36,44,44,124,0,.69999999,.68730003,.29032257,.3548387,469,216,Food and drink,Food and non-alcoholic beverages,Unisex,ND,Goods,21,2122
212223,BRAND CHOC SWEETS 90-185G BAG,87,41,84,212,0,1,1,.41037735,.19339623,556,72,Food and drink,Food and non-alcoholic beverages,Unisex,ND,Goods,21,2122
212224,"SWEETS, NOT CHOC, 150-250G BAG",108,25,95,228,.023541456,1,.92602003,.47368422,.10964912,571,18,Food and drink,Food and non-alcoholic beverages,Unisex,ND,Goods,21,2122
212225,CHOCOLATE LARGE BAR 100-200G,102,36,88,226,0,1.45,1.0982499,.45132744,.15929204,565,49,Food and drink,Food and non-alcoholic beverages,Unisex,ND,Goods,21,2122
212226,CHOCOLATE 12,32,92,86,210,0,.60000002,.55379999,.15238096,.43809524,255,326,Food and drink,Food and non-alcoholic beverages,Unisex,ND,Goods,21,2122
212309,POTATOES-NEW-PER KG,208,225,124,557,0,1.3,1.27844,.37342909,.40394974,538,273,Food and drink,Food and non-alcoholic beverages,Unisex,ND,Goods,21,2123
212310,POTATOES- OLD WHITE PER KG,254,144,149,547,0,.5,.53760004,.464351,.26325411,569,127,Food and drink,Food and non-alcoholic beverages,Unisex,ND,Goods,21,2123
212311,POTATOES- BAKING PR KG,94,245,160,499,-.021526353,.80000001,.80000001,.18837675,.49098197,330,402,Food and drink,Food and non-alcoholic beverages,Unisex,ND,Goods,21,2123
212402,POTATO CRISPS 25G-50G,14,164,77,255,-.026290119,.85000002,.90185004,.054901961,.64313728,80,508,Food and drink,Food and non-alcoholic beverages,Unisex,ND,Goods,21,2124
212404,POTATO CRISPS-MULTI-PACK,19,179,194,392,0,1.5,1.5,.048469387,.45663264,68,358,Food and drink,Food and non-alcoholic beverages,Unisex,ND,Goods,21,2124
212405,FROZEN CHIPS 900G-1.5KG,51,159,182,392,0,2,1.9544449,.13010204,.40561223,221,278,Food and drink,Food and non-alcoholic beverages,Unisex,ND,Goods,21,2124
212408,PREMIUM POTATO CRISPS/CHIPS,46,68,48,162,0,1.725,1.74525,.28395063,.41975307,461.5,299,Food and drink,Food and non-alcoholic beverages,Unisex,ND,Goods,21,2124
212409,P'PARED MASHED POTATO 400-650G,156,50,157,363,0,.88999999,.83126003,.42975205,.13774104,563,32,Food and drink,Food and non-alcoholic beverages,Unisex,ND,Goods,21,2124
212504,FRESH VEG-CAULIFLOWER-EACH,169,197,200,566,0,.89999998,.90227497,.29858658,.34805652,475,206,Food and drink,Food and non-alcoholic beverages,Unisex,ND,Goods,21,2125
212510,FRESH VEG-CUCUMBER-WHOLE,241,168,157,566,0,.55000001,.54120004,.42579505,.29681978,560,150,Food and drink,Food and non-alcoholic beverages,Unisex,ND,Goods,21,2125
212511,FRESH VEG-LETTUCE-ICEBERG-EACH,276,142,151,569,.0070493566,.49000001,.43000001,.48506153,.24956064,573,111,Food and drink,Food and non-alcoholic beverages,Unisex,ND,Goods,21,2125
212515,FRESH VEG-TOMATOES-PER KG,256,165,130,551,.0020039899,2.1800001,2.1800001,.4646098,.29945552,570,157,Food and drink,Food and non-alcoholic beverages,Unisex,ND,Goods,21,2125
212516,FRESH VEG-CABBAGE-WHOLE-PER KG,146,192,216,554,0,.75,.75,.26353791,.3465704,440,202,Food and drink,Food and non-alcoholic beverages,Unisex,ND,Goods,21,2125
212518,FRESH VEG-CARROTS-PER KG,171,301,92,564,-.016715759,.5,.56216002,.30319148,.53368795,480,442,Food and drink,Food and non-alcoholic beverages,Unisex,ND,Goods,21,2125
212519,FRESH VEG-ONIONS-PER KG,146,266,148,560,0,.85000002,.87634003,.26071429,.47499999,437,384,Food and drink,Food and non-alcoholic beverages,Unisex,ND,Goods,21,2125
212520,FRESH VEG-MUSHROOMS-PER KG,117,291,162,570,-.0069513107,3.1700001,3.48,.20526315,.5105263,355,426,Food and drink,Food and non-alcoholic beverages,Unisex,ND,Goods,21,2125
212527,PRE-PACKED SALAD 100-250G,44,32,77,153,0,1.25,1.25,.28758171,.20915033,466,81,Food and drink,Food and non-alcoholic beverages,Unisex,ND,Goods,21,2125
212530,FRESH VEG-BROCCOLI-PER KG,246,185,112,543,0,1.98,1.88,.45303866,.34069982,566,194,Food and drink,Food and non-alcoholic beverages,Unisex,ND,Goods,21,2125
212531,FRESH VEG-COURGETTE-PER KG,191,185,186,562,0,2.1500001,2.1352501,.33985764,.32918149,515,187,Food and drink,Food and non-alcoholic beverages,Unisex,ND,Goods,21,2125
212532,FRESH VEG-PEPPERS -LOOSE OR KG,236,228,105,569,0,.5,.52965003,.41476274,.40070298,557,269,Food and drink,Food and non-alcoholic beverages,Unisex,ND,Goods,21,2125
212533,VEGETABLE STIR FRY FRESH PACK,27,36,179,242,0,1.2,1.2,.11157025,.14876033,183,38,Food and drink,Food and non-alcoholic beverages,Unisex,ND,Goods,21,2125
212535,SWEET POTATO PER KG OR EACH,303,134,217,654,.0030090755,1.1,1.1,.46330276,.20489296,568,78,Food and drink,Food and non-alcoholic beverages,Unisex,ND,Goods,21,2125
212601,CANNED TOMATOES 390-400G,37,303,55,395,-.12510939,.44999999,.50624996,.09367089,.76708859,146,538,Food and drink,Food and non-alcoholic beverages,Unisex,ND,Goods,21,2126
212603,"BAKED BEANS, 400-420G TIN",43,154,196,393,0,.85000002,.85000002,.10941476,.3918575,178,256,Food and drink,Food and non-alcoholic beverages,Unisex,ND,Goods,21,2126
212608,CANNED SWEETCORN 198-340G,31,192,67,290,-.044890229,.75,.80324996,.10689655,.66206896,170,515,Food and drink,Food and non-alcoholic beverages,Unisex,ND,Goods,21,2126
212609,FROZEN GARDEN PEAS 800G-1KG,75,46,171,292,0,1,1,.25684932,.15753424,435,47,Food and drink,Food and non-alcoholic beverages,Unisex,ND,Goods,21,2126
212709,ORANGES-CLASS 1-EACH,113,307,128,548,-.037536152,.40000001,.42296004,.20620438,.56021899,357,465,Food and drink,Food and non-alcoholic beverages,Unisex,ND,Goods,21,2127
212710,AVOCADO PEAR-EACH,137,334,87,558,-.040307153,.87,.91079998,.24551971,.59856629,422,488,Food and drink,Food and non-alcoholic beverages,Unisex,ND,Goods,21,2127
212712,KIWI FRUIT-EACH,58,332,162,552,-.05033233,.25,.30000001,.10507246,.60144925,163,489,Food and drink,Food and non-alcoholic beverages,Unisex,ND,Goods,21,2127
212715,GRAPEFRUIT-EACH,128,221,153,502,0,.5,.57539999,.25498009,.44023904,434,330,Food and drink,Food and non-alcoholic beverages,Unisex,ND,Goods,21,2127
212716,APPLES-COOKING-PER KG,35,207,177,419,-.015748072,2,2.03179,.083532222,.49403343,129,406,Food and drink,Food and non-alcoholic beverages,Unisex,ND,Goods,21,2127
212717,APPLES-DESSERT-PER KG,56,220,168,444,-.095021844,1.99,2.1793101,.12612613,.4954955,210,410,Food and drink,Food and non-alcoholic beverages,Unisex,ND,Goods,21,2127
212718,PEARS-DESSERT-PER KG,80,209,182,471,-.061913714,1.99,2.1929801,.16985138,.44373673,288,334,Food and drink,Food and non-alcoholic beverages,Unisex,ND,Goods,21,2127
212719,BANANAS-PER KG,18,174,332,524,0,.79000002,.79000002,.034351144,.33206108,41,190,Food and drink,Food and non-alcoholic beverages,Unisex,ND,Goods,21,2127
212720,STRAWBERRIES PER KG OR PUNNET,189,172,51,412,.04166669,4.98,5.04919,.45873785,.41747573,567,295,Food and drink,Food and non-alcoholic beverages,Unisex,ND,Goods,21,2127
212722,GRAPES-PER KG,251,177,86,514,.0030090595,3.5999999,3.6175001,.48832685,.34435797,574,198,Food and drink,Food and non-alcoholic beverages,Unisex,ND,Goods,21,2127
212725,SMALL TYPE ORANGES PER PACK/KG,94,254,80,428,-.05793494,2.48,2.6256151,.21962617,.59345794,380,484,Food and drink,Food and non-alcoholic beverages,Unisex,ND,Goods,21,2127
212726,PLUMS PER KG/PACK,143,207,170,520,0,2.3800001,2.5,.27500001,.39807692,453,265,Food and drink,Food and non-alcoholic beverages,Unisex,ND,Goods,21,2127
212728,PINEAPPLE EACH,53,40,68,161,0,.85000002,.79275,.32919255,.24844721,506,109,Food and drink,Food and non-alcoholic beverages,Unisex,ND,Goods,21,2127
212730,FRUIT FRESH SNACKING 150-350G,59,38,158,255,0,2,2,.23137255,.14901961,391,39,Food and drink,Food and non-alcoholic beverages,Unisex,ND,Goods,21,2127
212731,MELON EACH EG HONEYDEW,95,29,129,253,0,1.49,1.49,.37549406,.11462451,540,20,Food and drink,Food and non-alcoholic beverages,Unisex,ND,Goods,21,2127
212732,LEMON EACH,173,226,250,649,0,.30000001,.33000001,.26656395,.34822804,443,208,Food and drink,Food and non-alcoholic beverages,Unisex,ND,Goods,21,2127
212733,BLUEBERRIES PUNNET OR PER KG,201,253,121,575,0,10,10.672,.34956521,.44,521,329,Food and drink,Food and non-alcoholic beverages,Unisex,ND,Goods,21,2127
212734,RASPBERRIES PUNNET OR PER KG,376,102,91,569,.092896171,11.11,10.0815,.66080844,.17926186,585,63,Food and drink,Food and non-alcoholic beverages,Unisex,ND,Goods,21,2127
212806,PACKET OF PEANUTS 150-300G,21,129,140,290,0,1.25,1.3,.072413795,.44482759,108,339,Food and drink,Food and non-alcoholic beverages,Unisex,ND,Goods,21,2128
212807,CANNED FRUIT-400-450G,19,101,168,288,0,1,1,.065972224,.35069445,95,212,Food and drink,Food and non-alcoholic beverages,Unisex,ND,Goods,21,2128
212808,DRIED FRUIT - EG APRICOTS,63,112,201,376,0,2,2,.16755319,.29787233,286,152,Food and drink,Food and non-alcoholic beverages,Unisex,ND,Goods,21,2128
212905,VEGETABLE PICKLE 280-520G,56,159,78,293,-.027237367,1.55,1.6011499,.19112629,.54266214,332,450,Food and drink,Food and non-alcoholic beverages,Unisex,ND,Goods,21,2129
212910,CANNED SOUP-390-425G,6,61,84,151,0,.94999999,.95309997,.039735101,.40397352,51,274,Food and drink,Food and non-alcoholic beverages,Unisex,ND,Goods,21,2129
212917,TOMATO KETCHUP BOTTLE 340-570G,6,125,108,239,-.027237359,1.5,1.5,.025104603,.52301258,29,435,Food and drink,Food and non-alcoholic beverages,Unisex,ND,Goods,21,2129
212918,FRZN READY-COOKD MEAL SERVES 1,24,49,74,147,0,1.59,1.6,.1632653,.33333334,278,191.5,Food and drink,Food and non-alcoholic beverages,Unisex,ND,Goods,21,2129
212923,COOK-IN SAUCE-JAR/CAN 350-520G,28,82,40,150,-.032882061,1.225,1.24975,.18666667,.54666668,327,454.5,Food and drink,Food and non-alcoholic beverages,Unisex,ND,Goods,21,2129
212928,FROZ VEG BURGER/GRILL 180-454G,42,104,134,280,0,1.75,1.757,.15000001,.37142858,249,232,Food and drink,Food and non-alcoholic beverages,Unisex,ND,Goods,21,2129
212930,MAYONNAISE 390-500G/420-540MLS,94,68,82,244,0,1.5,1.2738,.38524589,.27868852,546,139,Food and drink,Food and non-alcoholic beverages,Unisex,ND,Goods,21,2129
212933,ICE CREAM 450ML-1L,48,26,78,152,0,2,1.75,.31578946,.17105263,491,53,Food and drink,Food and non-alcoholic beverages,Unisex,ND,Goods,21,2129
212934,DRIED POTTED SNACK 50-120G,23,62,49,134,0,.75,.75,.1716418,.46268657,291.5,365,Food and drink,Food and non-alcoholic beverages,Unisex,ND,Goods,21,2129
212936,CHILLED READY MEAL-MEAT-SERVS1,32,67,50,149,0,2.75,2.7356,.2147651,.44966444,371,346.5,Food and drink,Food and non-alcoholic beverages,Unisex,ND,Goods,21,2129
212937,CHILLED READY MEAL-FISH/VEG,29,61,56,146,0,2.75,2.7651999,.19863014,.4178082,343,296,Food and drink,Food and non-alcoholic beverages,Unisex,ND,Goods,21,2129
212938,CHOCOLATE COVERED ICE CREAM,17,130,96,243,-.088422962,.63,.75,.069958851,.5349794,103,443,Food and drink,Food and non-alcoholic beverages,Unisex,ND,Goods,21,2129
212939,CHILLED PIZZA EACH 300-600G,106,61,70,237,0,3,3.07286,.44725737,.25738397,564,118,Food and drink,Food and non-alcoholic beverages,Unisex,ND,Goods,21,2129
212940,PROTEIN POWDER 900G-2KG,51,141,89,281,-.026290098,22,22.6674,.18149467,.50177938,313,421,Food and drink,Food and non-alcoholic beverages,Unisex,ND,Goods,21,2129
212941,QUICHE 340G-450G,80,62,98,240,0,2.3,2.3,.33333334,.25833333,508,119,Food and drink,Food and non-alcoholic beverages,Unisex,ND,Goods,21,2129
212942,VEGETABLE CRISPS PACK 80-125G,24,106,103,233,-.0029821412,1.8,1.8,.10300429,.45493561,160,355,Food and drink,,,,,21,2129
213003,COFFEE-INSTANT-100G JAR,68,83,77,228,0,3,2.8489799,.29824561,.3640351,474,225,Food and drink,Food and non-alcoholic beverages,Unisex,ND,Goods,21,2130
213005,HOT CHOCOLATE DRINK INSTANT,43,70,130,243,0,2.5,2.5,.17695473,.28806585,306,143,Food and drink,Food and non-alcoholic beverages,Unisex,ND,Goods,21,2130
213006,COFFEE PODS PACK 8-16,73,48,50,171,0,3.5,3.3915,.4269006,.28070176,561,141,Food and drink,Food and non-alcoholic beverages,Unisex,ND,Goods,21,2130
220107,PUB -HOT MEAL,105,241,23,369,-.0099010067,8.9899998,9.27316,.28455284,.65311652,463,511,Eating out and hotels,Restaurants and hotels,Unisex,S,Services,22,2201
220116,LEMONADE/COLA DRAUGHT,41,295,21,357,-.013806789,2,2.0163002,.11484594,.82633054,187,547,Eating out and hotels,Restaurants and hotels,Unisex,S,Services,22,2201
220117,BOTTLED MINERAL WATER,13,310,28,351,-.017681755,1.85,1.8514999,.037037037,.88319087,46,556,Eating out and hotels,Restaurants and hotels,Unisex,S,Services,22,2201
220120,IN STORE CAFETERIA MEAL,5,74,7,86,-.073215924,6.5,7.5801048,.058139537,.86046511,88,550,Eating out and hotels,Restaurants and hotels,Unisex,S,Services,22,2201
220121,RESTAURANT CUP OF COFFEE,18,339,29,386,-.03567984,2.5,2.605,.046632126,.87823832,64,554,Eating out and hotels,Restaurants and hotels,Unisex,S,Services,22,2201
220122,RESTAURANT - SWEET COURSE,19,376,17,412,-.043977071,5.9499998,6.0978198,.046116505,.91262138,61,563,Eating out and hotels,Restaurants and hotels,Unisex,S,Services,22,2201
220124,MUFFIN/INDIVIDUAL CAKE,17,218,18,253,-.036608852,2,2.076,.06719368,.86166006,97,551,Eating out and hotels,Restaurants and hotels,Unisex,S,Services,22,2201
220125,FRUIT JUICE BOTTLE 250-350ML,13,326,15,354,-.017681703,2.3499999,2.4108002,.036723163,.92090398,45,569,Eating out and hotels,Restaurants and hotels,Unisex,S,Services,22,2201
220128,RESTAURANT MAIN COURSE,16,389,10,415,-.042145621,12.9,13.567049,.038554218,.93734938,49,576,Eating out and hotels,Restaurants and hotels,Unisex,S,Services,22,2201
220208,STAFF RESTAURNT HOT SNACK ITEM,16,38,9,63,-.0089196842,1.17,1.2612499,.25396827,.60317463,433,491,Eating out and hotels,Restaurants and hotels,Unisex,S,Services,22,2202
220209,PRIMARY SCHOOL- FIXED CHARGE,10,130,1,141,-.00099906744,2.3,2.30685,.070921987,.92198581,106.5,570,Eating out and hotels,Restaurants and hotels,Unisex,S,Services,22,2202
220210,SECONDARY SCHOOL- CAFETERIA,14,121,3,138,-.00099906744,2.45,2.481225,.10144927,.87681162,159,553,Eating out and hotels,Restaurants and hotels,Unisex,S,Services,22,2202
220214,STAFF RESTAURANT MAIN COURSE,4,42,13,59,-.036608875,1.7,2.0111001,.06779661,.71186441,99,528,Eating out and hotels,Restaurants and hotels,Unisex,S,Services,22,2202
220301,FISH & CHIPS TAKEAWAY,12,75,48,135,-.027236421,7,7.1978898,.088888891,.55555558,138,460.5,Eating out and hotels,Restaurants and hotels,Unisex,S,Services,22,2203
220303,SANDWICH-TAKE-AWAY (COLD),82,139,131,352,0,2.5250001,2.5587502,.23295455,.39488637,394,259,Eating out and hotels,Restaurants and hotels,Unisex,S,Services,22,2203
220305,TEA -TAKE-AWAY,51,114,98,263,0,1.5,1.52478,.19391635,.43346009,339,316,Eating out and hotels,Restaurants and hotels,Unisex,S,Services,22,2203
220310,POTATO CRISPS-INDIVIDUAL PACK,4,337,21,362,-.018645795,1,1.0190001,.011049724,.9309392,17,572,Eating out and hotels,Restaurants and hotels,Unisex,S,Services,22,2203
220316,PIZZA TAKEAWAY OR DELIVERED,23,35,72,130,0,8.6749992,8.1845846,.17692308,.26923078,305,133,Eating out and hotels,Restaurants and hotels,Unisex,S,Services,22,2203
220318,INDIAN TAKEAWAY,18,41,72,131,0,7.79,7.9315996,.13740458,.31297711,230,178,Eating out and hotels,Restaurants and hotels,Unisex,S,Services,22,2203
220319,CHINESE TAKEAWAY,21,54,59,134,0,5.9000001,6,.15671642,.40298507,266,272,Eating out and hotels,Restaurants and hotels,Unisex,S,Services,22,2203
220320,TAKEAWAY SOFT DRINK,120,120,104,344,0,1.47,1.4833,.3488372,.3488372,519.5,209.5,Eating out and hotels,Restaurants and hotels,Unisex,S,Services,22,2203
220321,TAKEAWAY COFFEE LATTE,22,169,68,259,-.026290141,2.5999999,2.68135,.084942088,.65250963,131,510,Eating out and hotels,Restaurants and hotels,Unisex,S,Services,22,2203
220323,KEBAB- TAKEAWAY,19,49,65,133,0,5.5,5.848,.14285715,.36842105,241,230.5,Eating out and hotels,Restaurants and hotels,Unisex,S,Services,22,2203
220324,CINEMA POPCORN,1,103,5,109,-.027237341,5.3000002,5.4484,.0091743115,.94495416,15,579,Eating out and hotels,Restaurants and hotels,Unisex,S,Services,22,2203
220325,VENDING MACHINE - SOFT DRINK,3,66,16,85,-.027237389,1.6,1.6976,.035294119,.7764706,44,541,Eating out and hotels,Restaurants and hotels,Unisex,S,Services,22,2203
220326,TAKEAWAY CHICKEN & CHIPS,20,59,48,127,-.0079365,5.1999998,5.3000002,.15748031,.46456692,268,367,Eating out and hotels,Restaurants and hotels,Unisex,S,Services,22,2203
220327,T'AWAY COOKED SAVOURY PASTRY,32,101,119,252,0,1,1.035,.12698413,.40079364,213.5,270,Eating out and hotels,Restaurants and hotels,Unisex,S,Services,22,2203
220328,BURGER IN A BUN EAT IN OR TAKE,42,183,115,340,-.0079365615,3.49,3.5139999,.12352941,.53823531,203.5,448,Eating out and hotels,,,,,22,2203
310102,DRAUGHT BITTER (PER PINT),32,294,17,343,-.026290098,3.2,3.3431201,.093294464,.85714287,145,549,Eating out and hotels,Restaurants and hotels,Unisex,S,Services,31,3101
310104,DRAUGHT STOUT PER PINT,8,355,13,376,-.018645782,4,4.0740004,.021276595,.94414896,26.5,578,Eating out and hotels,Restaurants and hotels,Unisex,S,Services,31,3101
310109,LAGER - PINT 3.4-4.2%,9,358,16,383,-.020568093,3.5999999,3.668,.023498695,.93472582,28,575,Eating out and hotels,Restaurants and hotels,Unisex,S,Services,31,3101
310110,PREMIUM LAGER - PINT 4.3-7.5%,6,353,19,378,-.025341153,4.1700001,4.2875748,.015873017,.93386245,21.5,574,Eating out and hotels,Restaurants and hotels,Unisex,S,Services,31,3101
310111,BOTTLED PREMIUM LAGER 4.3-7.5%,15,336,15,366,-.025341153,3.75,3.8916302,.040983606,.91803277,53,567,Eating out and hotels,Restaurants and hotels,Unisex,S,Services,31,3101
310114,CIDER 4.5%-5.5% ABV PINT/BOTTL,32,334,20,386,-.017681774,3.7950001,3.8916998,.082901552,.86528498,126.5,552,Eating out and hotels,Alcoholic beverages and tobacco,Unisex,ND,Goods,31,3101
310207,BITTER-4CANS-440-500ML,22,40,71,133,0,4,4,.16541353,.30075186,283,158,Alcohol and tobacco,Alcoholic beverages and tobacco,Unisex,ND,Goods,31,3102
310215,LAGER 4 BOTTLES- PREMIUM,41,120,73,234,-.022004623,5,5.1349998,.17521368,.51282054,300,428,Alcohol and tobacco,Alcoholic beverages and tobacco,Unisex,ND,Goods,31,3102
310216,LAGER 10 - 24 CANS (440-500ML),47,25,68,140,0,11,10.153,.33571428,.17857143,512,62,Alcohol and tobacco,Alcoholic beverages and tobacco,Unisex,ND,Goods,31,3102
310217,LAGER 10-24 BOTTLES 250-330ML,26,12,33,71,0,11,11,.36619717,.16901408,533,52,Alcohol and tobacco,Alcoholic beverages and tobacco,Unisex,ND,Goods,31,3102
310219,STOUT - 4 CAN PACK,64,82,84,230,0,4.5500002,4.7414398,.27826086,.35652173,455,220,Alcohol and tobacco,Alcoholic beverages and tobacco,Unisex,ND,Goods,31,3102
310220,SPEC'Y BEER BOTT 500ML 4-5.5,58,62,119,239,0,1.6,1.5427999,.24267782,.25941423,418,121.5,Alcohol and tobacco,Alcoholic beverages and tobacco,Unisex,ND,Goods,31,3102
310221,APPLE CIDER 4 CAN PK 440-500ML,79,50,111,240,0,4,3.7839999,.32916668,.20833333,505,80,Alcohol and tobacco,Alcoholic beverages and tobacco,Unisex,ND,Goods,31,3102
310222,CIDER FLAVOURED BOTT 500-568ML,68,42,130,240,0,2.1500001,2.1472499,.28333333,.175,460,57.5,Alcohol and tobacco,Alcoholic beverages and tobacco,Unisex,ND,Goods,31,3102
310301,WHISKY (PER NIP) SPECIFY ML,32,343,11,386,-.017681692,3.2,3.3561001,.082901552,.88860106,126.5,558,Eating out and hotels,Restaurants and hotels,Unisex,S,Services,31,3103
310302,VODKA (PER NIP) SPECIFY ML,17,356,15,388,-.019607831,3.4749999,3.5977998,.043814432,.91752577,56,566,Eating out and hotels,Restaurants and hotels,Unisex,S,Services,31,3103
310306,BOTTLE OF MIXER 125-200ML,94,277,13,384,-.02723733,1.5,1.5427501,.24479167,.72135419,420,529,Food and drink,Alcoholic beverages and tobacco,Unisex,ND,Goods,31,3103
310307,LIQUEUR PER NIP   SPECIFY ML,11,359,15,385,-.022482932,3.0999999,3.4204001,.028571429,.93246752,33.5,573,Alcohol and tobacco,Alcoholic beverages and tobacco,Unisex,ND,Goods,31,3103
310309,SPIRIT BASED DRINK 275ML,2,232,18,252,-.022482913,3.1750002,3.2479999,.0079365084,.92063493,13,568,Eating out and hotels,Restaurants and hotels,Unisex,S,Services,31,3103
310310,"WINE, PER 175 - 250 ML SERVING",19,351,15,385,-.028182788,3.99,4.13868,.049350649,.91168833,70,561,Eating out and hotels,Restaurants and hotels,Unisex,S,Services,31,3103
310315,BOTTLE OF WINE 70-75CL,11,367,27,405,-.027237356,18.950001,19.461649,.027160494,.90617281,32,560,Eating out and hotels,Restaurants and hotels,Unisex,S,Services,31,3103
310316,GIN PER NIP,15,357,13,385,-.023437522,3.2,3.5805001,.038961038,.92727274,50,571,Alcohol and tobacco,,,,,31,3103
310401,WHISKY-70 CL BOTTLE,45,51,53,149,0,15,15,.30201343,.34228188,479,195.5,Alcohol and tobacco,Alcoholic beverages and tobacco,Unisex,ND,Goods,31,3104
310403,VODKA-70 CL BOTTLE,72,56,102,230,0,13.315001,13,.31304348,.24347825,489,103,Alcohol and tobacco,Alcoholic beverages and tobacco,Unisex,ND,Goods,31,3104
310405,BRANDY 70CL BOTTLE,52,33,63,148,0,16,15.48,.35135135,.22297297,522,89,Alcohol and tobacco,Alcoholic beverages and tobacco,Unisex,ND,Goods,31,3104
310406,FORTIFIED WINE  (70-75CL),89,37,115,241,0,10,10,.36929461,.15352698,536,43,Alcohol and tobacco,Alcoholic beverages and tobacco,Unisex,ND,Goods,31,3104
310419,WHITE WINE- EUROPEAN 75CL,69,131,44,244,-.036608811,6.125,6.4025002,.28278688,.53688526,459,445,Alcohol and tobacco,Alcoholic beverages and tobacco,Unisex,ND,Goods,31,3104
310420,WHITE WINE- NEW WORLD 75CL,76,68,88,232,0,6.4899998,5.7129998,.3275862,.29310346,503,147,Alcohol and tobacco,Alcoholic beverages and tobacco,Unisex,ND,Goods,31,3104
310421,RED WINE- EUROPEAN 75CL,71,60,112,243,0,6.8499999,6.75,.29218107,.24691358,470,106,Alcohol and tobacco,Alcoholic beverages and tobacco,Unisex,ND,Goods,31,3104
310422,RED WINE- NEW WORLD 75CL,37,110,97,244,0,7,7,.15163934,.45081967,251,348,Alcohol and tobacco,Alcoholic beverages and tobacco,Unisex,ND,Goods,31,3104
310423,BOTTLE OF CHAMPAGNE 75 CL,42,73,35,150,-.028182767,31.994999,26.944,.28,.48666668,457,398,Alcohol and tobacco,Alcoholic beverages and tobacco,Unisex,ND,Goods,31,3104
310425,ROSE WINE-75CL BOTTLE,52,44,51,147,0,6,6,.3537415,.29931971,525,155,Alcohol and tobacco,Alcoholic beverages and tobacco,Unisex,ND,Goods,31,3104
310426,SPARKLING WINE 75CL MIN 11%ABV,63,64,103,230,0,7.4899998,7.1672597,.27391306,.27826086,450,138,Alcohol and tobacco,Alcoholic beverages and tobacco,Unisex,ND,Goods,31,3104
310427,RUM WHITE EG BACARDI 70CL BOTT,20,93,128,241,0,15,15,.082987554,.38589212,128,246,Alcohol and tobacco,Alcoholic beverages and tobacco,Unisex,ND,Goods,31,3104
310428,CREAM LIQUER 70CL-1LT 14-20%,47,72,107,226,0,15,15,.2079646,.31858408,359,181,Alcohol and tobacco,Alcoholic beverages and tobacco,Unisex,ND,Goods,31,3104
310429,GIN BOTTLE 70CL,49,63,130,242,0,14.99,14.69313,.20247933,.26033059,353,125,Alcohol and tobacco,Alcoholic beverages and tobacco,Unisex,ND,Goods,31,3104
310430,PRE MIXED SPIRIT 250-330ML,37,62,140,239,0,1.8,1.8,.15481171,.25941423,262,121.5,Alcohol and tobacco,,,,,31,3104
320108,CIGARETTES 8,26,57,65,148,0,13.34,13.34,.17567568,.38513514,302,245,Alcohol and tobacco,Alcoholic beverages and tobacco,Unisex,ND,Goods,32,3201
320115,CIGARETTES 15,76,12,58,146,.0010009444,10.45,10.44,.52054793,.08219178,580,9,Alcohol and tobacco,Alcoholic beverages and tobacco,Unisex,ND,Goods,32,3201
320122,20 FILTER - OTHER BRAND,15,76,57,148,-.0009990742,12.33,12.60525,.10135135,.51351351,158,429,Alcohol and tobacco,Alcoholic beverages and tobacco,Unisex,ND,Goods,32,3201
320124,E-CIG REFILL BOTTL/CART 2-10ML,42,57,139,238,0,3.99,3.95,.17647059,.2394958,304,98,Alcohol and tobacco,Alcoholic beverages and tobacco,Unisex,ND,Goods,32,3201
320125,CIGARETTES 21,8,58,83,149,0,10.55,10.55,.053691275,.38926175,77,251,Alcohol and tobacco,Alcoholic beverages and tobacco,Unisex,ND,Goods,32,3201
320205,5 CIGARS: SPECIFY BRAND,8,108,24,140,-.039385229,6.8899999,7.1793804,.057142857,.77142859,85.5,539,Alcohol and tobacco,Alcoholic beverages and tobacco,Unisex,ND,Goods,32,3202
320206,HAND ROLLING TOBACCO PACK 30GM,82,22,44,148,.014719863,15.75,15.600374,.55405408,.14864865,581,37,Alcohol and tobacco,Alcoholic beverages and tobacco,Unisex,ND,Goods,32,3202
410508,PLUMBER-DAYTIME HOURLY RATE,1,5,116,122,0,50,50.200001,.0081967209,.040983606,14,3,Housing and utilities,"Housing, water, electricity, gas and other fuels",Unisex,S,Services,41,4105
410509,ELECTRICIAN-DAYTIME RATE/HOUR,0,5,139,144,0,42,42,0,.034722224,4.5,2,Housing and utilities,"Housing, water, electricity, gas and other fuels",Unisex,S,Services,41,4105
410517,DECORATOR-DAILY RATE;SPEC HRS,0,12,94,106,0,150,150,0,.11320755,4.5,19,Housing and utilities,"Housing, water, electricity, gas and other fuels",Unisex,S,Services,41,4105
410518,CARPENTER HOURLY RATE,0,15,80,95,0,25,25,0,.15789473,4.5,48,Housing and utilities,"Housing, water, electricity, gas and other fuels",Unisex,S,Services,41,4105
410602,READY-MIXED FILLER-INT USE,16,78,69,163,-.00049952301,5.4899998,5.4899998,.098159507,.47852761,151,387,Housing and utilities,"Housing, water, electricity, gas and other fuels",Unisex,ND,Goods,41,4106
410607,PAINT BRUSH-2INCH/5CM WIDTH,46,68,43,157,0,3.25,3.125,.29299363,.43312103,471,315,Housing and utilities,"Housing, water, electricity, gas and other fuels",Unisex,ND,Goods,41,4106
410611,DOOR HANDLE-PACK FOR ONE DOOR,38,42,79,159,0,12.99,12.99,.2389937,.26415095,409,129,Household,"Housing, water, electricity, gas and other fuels",Unisex,D,Goods,41,4106
410614,POWER DRILL-HAMMER ACTION,28,60,84,172,0,36.485001,41.554779,.1627907,.3488372,276.5,209.5,Household,"Housing, water, electricity, gas and other fuels",Unisex,D,Goods,41,4106
410621,VARNISH-CLEAR GLOSS-750ML-1LTR,20,83,58,161,-.041686408,14.99,15.06723,.1242236,.51552796,207,431,Housing and utilities,"Housing, water, electricity, gas and other fuels",Unisex,ND,Goods,41,4106
410625,SCREWDRIVER,6,91,87,184,-.017681735,3.4450002,3.8645,.032608695,.49456522,39,408,Household,"Furniture, household equipment and maintenance",Unisex,SD,Goods,41,4106
410629,WALLPAPER PER ROLL,11,59,59,129,-.024353607,9.25,10.064,.085271321,.45736435,132,359,Housing and utilities,"Housing, water, electricity, gas and other fuels",Unisex,ND,Goods,41,4106
410631,SHOWER HEAD,43,60,76,179,0,13,12.7577,.24022347,.33519554,410,193,Housing and utilities,"Housing, water, electricity, gas and other fuels",Unisex,ND,Goods,41,4106
410632,HIRE OF DOMES CARPET CLEANER,12,54,44,110,-.0029910346,24,25.001701,.10909091,.4909091,176,401,Household,"Housing, water, electricity, gas and other fuels",Unisex,D,Goods,41,4106
410633,MDF,0,136,5,141,-.38423643,32.57,47.783997,0,.96453899,4.5,580,Housing and utilities,"Housing, water, electricity, gas and other fuels",Unisex,ND,Goods,41,4106
410637,CERAMI TILES 15X15-25X50CM BOX,12,93,35,140,-.042145621,10,11.22002,.085714288,.66428572,133,516,Housing and utilities,"Housing, water, electricity, gas and other fuels",Unisex,ND,Goods,41,4106
410638,WOODSCREWS STEEL/ZIN PLATED PK,5,97,50,152,-.0757856,2.2950001,2.1481247,.032894738,.6381579,40,505,Household,"Housing, water, electricity, gas and other fuels",Unisex,ND,Goods,41,4106
410639,PAINT GLOSS/EMUL 750ML-2.5LTR,10,98,88,196,-.0059632147,16.459999,17,.05102041,.5,74,417,Housing and utilities,"Housing, water, electricity, gas and other fuels",Unisex,ND,Goods,41,4106
420101,COAL-HOUSEHOLD BEST QUAL 50KG,9,40,60,109,0,22,22.9,.082568809,.36697248,123.5,226,Housing and utilities,"Housing, water, electricity, gas and other fuels",Unisex,ND,Goods,42,4201
420103,SMOKELESS FUEL 50KG,9,48,52,109,0,25.35,25.880398,.082568809,.44036698,123.5,331,Housing and utilities,"Housing, water, electricity, gas and other fuels",Unisex,ND,Goods,42,4201
420405,KEROSENE - 1000L DELIVERED,0,86,35,121,-.29353577,575.82001,791.87396,0,.71074378,4.5,527,Housing and utilities,"Housing, water, electricity, gas and other fuels",Unisex,ND,Goods,42,4204
430101,DOUBLE WARDROBE,16,167,111,294,-.088833556,352.5,388.64999,.054421768,.5680272,79,474,Household,"Furniture, household equipment and maintenance",Unisex,D,Goods,43,4301
430104,ARMCHAIR -UPHOLSTERED,41,142,68,251,-.046711151,499,520.98962,.16334662,.56573707,279,471,Household,"Furniture, household equipment and maintenance",Unisex,D,Goods,43,4301
430108,DOUBLE BED-WIDTH APPROX 135CM,42,193,67,302,-.087591164,509,590.48499,.13907285,.63907284,235.5,506,Household,"Furniture, household equipment and maintenance",Unisex,D,Goods,43,4301
430119,KITCH BASE UNIT WIDTH 800-1000,6,89,33,128,-.070631951,122,122,.046875,.6953125,65,524,Household,"Furniture, household equipment and maintenance",Unisex,D,Goods,43,4301
430120,COFFEE TABLE,30,152,74,256,-.05838047,229.99001,239.20584,.1171875,.59375,193.5,485,Household,"Furniture, household equipment and maintenance",Unisex,D,Goods,43,4301
430122,SINGLE BED-WIDTH 90CM/3FT,23,176,89,288,-.081726342,269.98999,336.19623,.079861112,.6111111,118,494,Household,"Furniture, household equipment and maintenance",Unisex,D,Goods,43,4301
430127,CHEST OF DRAWERS,28,172,83,283,-.086757213,249,269.99249,.098939933,.60777384,153,493,Household,"Furniture, household equipment and maintenance",Unisex,D,Goods,43,4301
430132,MATTRESS- 3FT/90CM,29,181,53,263,-.10873442,244,289.87198,.11026616,.68821293,181,522,Household,"Furniture, household equipment and maintenance",Unisex,D,Goods,43,4301
430133,BOOKCASE/FREESTAND SHELV UNIT,10,136,114,260,-.047619049,199,204.771,.03846154,.52307695,48,436,Household,"Furniture, household equipment and maintenance",Unisex,D,Goods,43,4301
430134,TABLE LAMP,48,160,108,316,-.035679791,23.99,25.44491,.15189873,.50632912,253,422.5,Household,"Furniture, household equipment and maintenance",Unisex,D,Goods,43,4301
430137,LEATHER SETTEE,18,110,44,172,-.12165114,1445,1594.183,.10465116,.63953489,162,507,Household,"Furniture, household equipment and maintenance",Unisex,D,Goods,43,4301
430138,HOME OFFICE DESK,23,65,72,160,0,129,129,.14375,.40625,242,279,Household,"Furniture, household equipment and maintenance",Unisex,D,Goods,43,4301
430139,KITCH WALL UNIT WIDTH 800-1000,15,94,31,140,-.069767497,110,117.48,.10714286,.67142856,171,519,Household,"Furniture, household equipment and maintenance",Unisex,D,Goods,43,4301
430140,SOFA BED,14,110,64,188,-.11268786,599.98999,781.25,.074468084,.58510637,112,481,Household,"Furniture, household equipment and maintenance",Unisex,D,Goods,43,4301
430141,DINING TABLE & 2-6 CHAIRS,58,217,25,300,-.059266187,749,734.10199,.19333333,.72333336,336,530,Household,"Furniture, household equipment and maintenance",Unisex,D,Goods,43,4301
430142,HIGH CHAIR,26,133,10,169,-.12739964,55,70.345001,.15384616,.78698224,258.5,544,Household,"Furniture, household equipment and maintenance",Unisex,SD,Goods,43,4301
430143,"SETTEE,NON LEATHER - SEE HELP",29,205,66,300,-.076638892,697,749.97815,.096666664,.68333334,149,520,Household,"Furniture, household equipment and maintenance",Unisex,D,Goods,43,4301
430211,DUVET-DOUBLE TOG 10-13.5,29,166,162,357,-.055712949,17,17.39361,.081232496,.464986,121,368,Household,"Furniture, household equipment and maintenance",Unisex,SD,Goods,43,4302
430216,DUVET COVER,43,158,163,364,0,16,17.541355,.11813187,.43406594,196,317,Household,"Furniture, household equipment and maintenance",Unisex,SD,Goods,43,4302
430224,FITTED BED SHEET,40,154,173,367,0,8,8.1573305,.10899182,.41961852,175,297,Household,"Furniture, household equipment and maintenance",Unisex,SD,Goods,43,4302
430227,LAMINATE FLOORING PER SQ M,33,180,41,254,-.058380451,19,21.100136,.12992126,.70866144,220,526,Household,"Furniture, household equipment and maintenance",Unisex,D,Goods,43,4302
430228,BATH SHEET,37,149,156,342,0,14,14.400001,.10818713,.43567252,173,321,Household,"Furniture, household equipment and maintenance",Unisex,SD,Goods,43,4302
430229,FABRIC ROLLER BLIND 120-180CM,18,36,117,171,0,15,15.360001,.10526316,.21052632,164.5,82,Household,"Furniture, household equipment and maintenance",Unisex,SD,Goods,43,4302
430233,CARPET TUFTED 100% MANMADE FIB,23,181,36,240,-.079189673,19.99,21.19541,.095833331,.75416666,148,535,Household,"Furniture, household equipment and maintenance",Unisex,D,Goods,43,4302
430234,CARPET TUFTED MIN 80% WOOL FIB,38,155,38,231,-.035679821,32.220001,32.78537,.16450216,.67099565,282,518,Household,"Furniture, household equipment and maintenance",Unisex,D,Goods,43,4302
430235,FLOOR RUG STATE SIZE & MATERIA,52,138,164,354,0,49.990002,50,.14689265,.3898305,245,252,Household,"Furniture, household equipment and maintenance",Unisex,D,Goods,43,4302
430236,CURTAINS READY MADE SP'FY SIZE,26,117,95,238,-.029597025,35,37.5,.1092437,.49159664,177,403,Household,"Furniture, household equipment and maintenance",Unisex,SD,Goods,43,4302
430304,ELECTRIC COOKER,34,119,21,174,-.053030301,399,403.75351,.19540229,.68390805,341,521,Household,"Furniture, household equipment and maintenance",Unisex,D,Goods,43,4303
430307,ELECTRIC KETTLE - 1.5-1.7L,29,140,95,264,-.055712938,26.99,31.676003,.10984848,.530303,180,438,Household,"Furniture, household equipment and maintenance",Unisex,SD,Goods,43,4303
430317,ELECTRIC IRON,28,105,116,249,-.01574425,29.99,29.99,.1124498,.42168674,184,302,Household,"Furniture, household equipment and maintenance",Unisex,SD,Goods,43,4303
430321,ELECTRIC RAZOR,48,49,65,162,0,39.495003,38,.2962963,.30246913,473,163,Other goods and services,"Furniture, household equipment and maintenance",Unisex,SD,Goods,43,4303
430323,PHONE NT MOBILE(SPEC DIG/ANAL),40,84,91,215,0,34.990002,31.649998,.18604651,.39069769,324.5,254,Telphones and post,"Furniture, household equipment and maintenance",Unisex,D,Goods,43,4303
430351,ELECTRIC HAIR STYLING APP,20,125,107,252,-.030067919,24.99,28.388641,.079365082,.49603173,117,411,Other goods and services,"Furniture, household equipment and maintenance",Unisex,SD,Goods,43,4303
430355,VACUUM CLEANER,80,134,84,298,-.018645771,149,123.521,.26845637,.44966444,447,346.5,Household,"Furniture, household equipment and maintenance",Unisex,D,Goods,43,4303
430356,DISH WASHER 12-15 PLACE SET,50,122,79,251,-.039385252,349.98999,375.18927,.19920319,.48605579,345,397,Household,"Furniture, household equipment and maintenance",Unisex,D,Goods,43,4303
430358,ELECTRIC HEATER -SEASONAL,87,87,63,237,0,30,29.99,.36708862,.36708862,534,227,Household,"Furniture, household equipment and maintenance",Unisex,D,Goods,43,4303
430361,WASHING MACH NO DRYER MAX 1800,64,149,52,265,-.047619004,359.98999,372.38934,.24150944,.56226414,413,468,Household,"Furniture, household equipment and maintenance",Unisex,D,Goods,43,4303
430362,FRIDGE/FREEZER SPEC CAPACITIES,34,199,32,265,-.11738751,399.98999,470.10303,.12830189,.75094342,215,533,Household,"Furniture, household equipment and maintenance",Unisex,D,Goods,43,4303
430363,ELECTRIC TOOTHBRUSH,88,181,138,407,-.0044776439,30,35.359276,.21621622,.44471744,375,337,Household,"Furniture, household equipment and maintenance",Unisex,SD,Goods,43,4303
430407,"SMALL SAUCEPAN,MILK",21,78,71,170,-.053030282,4,4,.12352941,.45882353,203.5,360,Household,"Furniture, household equipment and maintenance",Unisex,SD,Goods,43,4304
430409,SCISSORS - HOUSEHOLD,10,69,99,178,-.10859562,.94499999,.91280007,.056179777,.38764045,84,248,Household,"Furniture, household equipment and maintenance",Unisex,SD,Goods,43,4304
430413,GAS FIRE,9,48,12,69,-.031004135,595,644.97998,.13043478,.69565219,222,525,Household,"Furniture, household equipment and maintenance",Unisex,D,Goods,43,4304
430414,GAS COOKERS-SPECIFY MAKE & MOD,33,92,22,147,-.045801528,349,399.18399,.22448979,.62585032,383,497,Household,"Furniture, household equipment and maintenance",Unisex,D,Goods,43,4304
430418,PLASTIC FOOD STORAGE CONTAINER,26,100,75,201,-.144568,3,3.5262501,.12935324,.49751243,216,414,Household,"Furniture, household equipment and maintenance",Unisex,SD,Goods,43,4304
430419,STAINLESS STEEL CUTLERY SET,28,67,137,232,0,15,15,.12068965,.28879312,199,144,Household,"Furniture, household equipment and maintenance",Unisex,SD,Goods,43,4304
430422,PLAIN GLASS TUMBLER,18,120,99,237,-.0099009806,1,1,.075949363,.50632912,115,422.5,Household,"Furniture, household equipment and maintenance",Unisex,SD,Goods,43,4304
430423,FRYING PAN 24-30CM,34,109,87,230,-.05033239,15,15.795,.14782609,.47391304,246,382,Household,"Furniture, household equipment and maintenance",Unisex,SD,Goods,43,4304
430424,"BAKEWARE, METAL, TRAY/ROASTING",38,148,146,332,-.014778334,6,6.1989794,.11445783,.44578314,186,341,Household,"Furniture, household equipment and maintenance",Unisex,SD,Goods,43,4304
430425,"DINNER PLATE, APPROX DIAMETER",60,79,159,298,0,3,3,.20134228,.26510066,352,130,Household,"Furniture, household equipment and maintenance",Unisex,SD,Goods,43,4304
430503,BALL POINT,25,128,129,282,0,.40000001,.49000001,.088652484,.45390069,137,352,"Relaxing, culture and hobbies","Furniture, household equipment and maintenance",Unisex,ND,Goods,43,4305
430505,ALUMIN COOKING FOIL 290-300MM,18,47,83,148,0,1.77,1.7267849,.12162162,.31756756,200,179,Household,"Furniture, household equipment and maintenance",Unisex,ND,Goods,43,4305
430507,WASHING UP LIQUID 380-900ML,63,56,138,257,0,.97000003,.95060003,.24513619,.21789883,421,87,Household,"Furniture, household equipment and maintenance",Unisex,ND,Goods,43,4305
430509,HOUSEHOLD CLEANER CREAM/LIQUID,57,35,148,240,0,1,1,.2375,.14583333,407,35,Household,"Furniture, household equipment and maintenance",Unisex,ND,Goods,43,4305
430518,REFUSE SACK FROM PACK OF 10-20,12,51,86,149,0,2.0999999,2.2049997,.080536909,.34228188,119.5,195.5,Household,"Furniture, household equipment and maintenance",Unisex,ND,Goods,43,4305
430524,LIGHT BULB,27,30,68,125,0,2.5,2.5,.21600001,.23999999,373,99,Household,"Furniture, household equipment and maintenance",Unisex,D,Goods,43,4305
430525,CLEAR STICKY TAPE,26,109,138,273,0,1.5,1.5,.095238097,.39926741,147,268,"Relaxing, culture and hobbies","Furniture, household equipment and maintenance",Unisex,ND,Goods,43,4305
430526,GREETINGS CARD; STATE CODE,75,144,131,350,0,2,1.99,.21428572,.41142857,369,283,"Relaxing, culture and hobbies","Furniture, household equipment and maintenance",Unisex,ND,Goods,43,4305
430527,A4 PRINTER PAPER (500 REAM),3,48,138,189,0,4.9899998,4.9899998,.015873017,.25396827,21.5,114,"Relaxing, culture and hobbies","Furniture, household equipment and maintenance",Unisex,ND,Goods,43,4305
430529,BLEACH 750ML,46,32,71,149,0,.98000002,.96040004,.30872482,.2147651,483,85,Household,"Furniture, household equipment and maintenance",Unisex,ND,Goods,43,4305
430530,BLACK INKJET CARTRIDGE,23,138,99,260,-.041227248,18.99,19.637999,.088461541,.53076923,136,439,"Relaxing, culture and hobbies","Furniture, household equipment and maintenance",Unisex,ND,Goods,43,4305
430531,FABRIC CONDITIONER 500ML-1.5LT,46,48,54,148,0,1.98,1.83095,.3108108,.32432431,486,184,Household,"Furniture, household equipment and maintenance",Unisex,ND,Goods,43,4305
430533,KITCHEN ROLL PK OF 2-4 SPECIFY,40,57,49,146,0,2,2.089385,.2739726,.39041096,451,253,Household,"Furniture, household equipment and maintenance",Unisex,ND,Goods,43,4305
430535,SHEET OF WRAPPING PAPER,104,52,179,335,0,.5,.55049998,.31044775,.15522388,485,45,"Relaxing, culture and hobbies","Furniture, household equipment and maintenance",Unisex,ND,Goods,43,4305
430536,TOILET ROLLS,52,42,68,162,0,1.825,1.89905,.32098764,.25925925,497,120,Other goods and services,"Furniture, household equipment and maintenance",Unisex,SD,Goods,43,4305
430538,DISHWASHER TABLETS PACK 16-45,93,46,102,241,0,5,3.585,.38589212,.19087137,547,68,Household,"Furniture, household equipment and maintenance",Unisex,ND,Goods,43,4305
430539,DRYCELL BATTERY 4 PACK EG AA,89,70,100,259,0,4,3.75,.34362933,.27027026,516,134,Household,"Furniture, household equipment and maintenance",Unisex,SD,Goods,43,4305
430540,WASHING LIQUID 800ML/1.5LTR,25,130,80,235,-.040307108,4.5,4.323,.10638298,.55319148,168,458.5,Household,"Furniture, household equipment and maintenance",Unisex,ND,Goods,43,4305
430613,DOG FOOD-CAN-385-400GM,21,140,93,254,-.024390249,.64999998,.64999998,.082677163,.55118108,125,457,"Relaxing, culture and hobbies",Recreation and culture,Unisex,ND,Goods,43,4306
430617,ANIMAL CAGE (E.G FOR GERBIL),27,20,81,128,0,24.994999,24.200001,.2109375,.15625,364,46,"Relaxing, culture and hobbies",Recreation and culture,Unisex,ND,Goods,43,4306
430621,ANNUAL BOOSTER INJECTION,9,97,48,154,-.019607848,45,47.350998,.058441557,.62987012,89,500,"Relaxing, culture and hobbies",Recreation and culture,Unisex,ND,Goods,43,4306
430622,DOG KENNEL FEES DAILY CHARGE,6,50,77,133,0,16,16.5,.045112781,.37593985,58,236,"Relaxing, culture and hobbies",Recreation and culture,Unisex,ND,Goods,43,4306
430623,SMALL CAGED MAMMAL,11,12,87,110,0,10,10,.1,.10909091,156.5,17,"Relaxing, culture and hobbies",Recreation and culture,Unisex,ND,Goods,43,4306
430624,CAT FOOD POUCH-IND-85G-100G,33,71,53,157,0,.37,.38955,.21019109,.45222929,361,350,"Relaxing, culture and hobbies",Recreation and culture,Unisex,ND,Goods,43,4306
430625,WILD BIRD SEED PACK 500G-2KG,4,84,70,158,-.024390217,2.99,3.0250001,.025316456,.5316456,30,441,"Relaxing, culture and hobbies",Recreation and culture,Unisex,ND,Goods,43,4306
430626,"DOG TREATS,SPEC,TYPE 70-400G",59,70,122,251,0,1.25,1.2165,.23505977,.27888447,398,140,Household,Recreation and culture,Unisex,D,Goods,43,4306
440101,DOMESTIC CLEANER HOURLY RATE,2,48,95,145,0,13.5,13.572001,.013793103,.33103448,18,188,Household,Recreation and culture,Unisex,S,Services,44,4401
440104,DRY CLEANING-MAN'S SUIT,5,103,134,242,0,13.5,13.5,.020661157,.42561984,25,308,Clothes and shoes,Clothing and footwear,Men,S,Services,44,4401
440105,DRIVING LESSON 1 HOUR,1,204,1,206,-.017681759,30,30.540001,.004854369,.99029124,9,585,Cars and transport,Transport,Unisex,S,Services,44,4401
440113,WINDOW-CLEAN 3-BED SEMI,10,37,126,173,0,15,15,.057803467,.21387284,87,84,Household,"Furniture, household equipment and maintenance",Unisex,S,Services,44,4401
440116,WASHING MACHINE REPAIR,5,27,81,113,0,59.950001,60,.044247787,.23893805,57,97,Household,"Furniture, household equipment and maintenance",Unisex,S,Services,44,4401
440118,PC REPAIR,7,15,116,138,0,60,60,.050724637,.10869565,73,16,"Relaxing, culture and hobbies",Recreation and culture,Unisex,S,Services,44,4401
440120,CHILD MINDER - HOURLY RATE,4,35,93,132,0,4.7750001,4.831625,.030303031,.2651515,37,131,Other goods and services,"Furniture, household equipment and maintenance",Child,S,Services,44,4401
440121,"EVENT CATERING, SET MENU, COST",2,107,0,109,-.034749046,8,8.2880001,.018348623,.98165137,23,583,Eating out and hotels,"Furniture, household equipment and maintenance",Unisex,S,Services,44,4401
440123,HOME REMOVAL- 1 VAN,6,36,66,108,0,480,480,.055555556,.33333334,82.5,191.5,Cars and transport,"Furniture, household equipment and maintenance",Unisex,S,Services,44,4401
440126,WEEKLY NANNY FEES,3,7,30,40,0,540,550,.075000003,.175,113.5,57.5,Household,"Furniture, household equipment and maintenance",Unisex,S,Services,44,4401
440127,MONTHLY SELF STORAGE FEE,14,65,29,108,-.024390252,99.834999,104.75087,.12962963,.60185188,219,490,Other goods and services,"Furniture, household equipment and maintenance",Unisex,S,Services,44,4401
440128,HOME CARE ASSISTANT HRLY RATE,2,47,45,94,-.015744252,19.755001,20.355801,.021276595,.5,26.5,417,Other goods and services,"Furniture, household equipment and maintenance",Elderly,S,Services,44,4401
440129,PLAYGROUP FEES - PER SESSION,1,31,96,128,0,11.940001,12,.0078125,.2421875,12,101,Other goods and services,"Furniture, household equipment and maintenance",Child,S,Services,44,4401
440131,WATCH BATTERY REPLACEMENT,1,193,11,205,-.055712923,9.9899998,10.57941,.0048780488,.94146341,10,577,Other goods and services,Miscellaneous goods and services,Unisex,D,Goods,44,4401
440132,MEN'S CLOTHING HIRE- SEE HELP,0,63,6,69,-.019607821,79,83.100594,0,.9130435,4.5,564.5,Clothes and shoes,Clothing and footwear,Men,S,Services,44,4401
440226,HOME-BUYERS SURVEY-RSDNTL PPTY,13,52,46,111,-.0094103543,588,600,.11711711,.46846846,192,374,Other goods and services,Miscellaneous goods and services,Unisex,S,Services,44,4402
440227,FUNERAL-CREMATION,27,186,82,295,-.0084280968,2815,2845,.091525421,.63050848,141,501,Other goods and services,Miscellaneous goods and services,Unisex,S,Services,44,4402
440232,NURSERY FEES: CHILD 0-4,4,75,75,154,0,43.25,43.529503,.025974026,.48701298,31,399,Other goods and services,"Furniture, household equipment and maintenance",Child,S,Services,44,4402
440240,BASIC WILL FOR A SINGLE PERSON,0,29,48,77,0,240,241.53601,0,.37662336,4.5,237,Other goods and services,Miscellaneous goods and services,Unisex,S,Services,44,4402
440249,HOUSE CONVEYANCING,7,77,70,154,-.038905628,900,957,.045454547,.5,60,417,Other goods and services,Miscellaneous goods and services,Unisex,S,Services,44,4402
440254,HOURLY RATE FOR SOLICITOR,4,24,50,78,0,264,270,.051282052,.30769232,75,170,Other goods and services,Miscellaneous goods and services,Unisex,S,Services,44,4402
510101,MENS SUIT-READY MADE,45,161,92,298,-.048525225,99,116.925,.15100671,.54026848,250,449,Clothes and shoes,Clothing and footwear,Men,SD,Goods,51,5101
510104,MENS JACKET/COAT,139,153,38,330,0,35,45,.42121211,.46363637,558,366,Clothes and shoes,Clothing and footwear,Men,SD,Goods,51,5101
510106,MENS JEANS,46,166,119,331,-.01323347,22.5,24.99,.1389728,.50151056,234,420,Clothes and shoes,Clothing and footwear,Men,SD,Goods,51,5101
510108,MEN'S JUMPER-KNITTED,105,171,52,328,-.03194575,19.994999,20.305,.32012194,.52134144,496,433,Clothes and shoes,Clothing and footwear,Men,SD,Goods,51,5101
510109,MEN'S FORMAL SHIRT-LONG SLEEVE,47,164,119,330,-.051233422,13.495,14.600136,.14242424,.4969697,240,413,Clothes and shoes,Clothing and footwear,Men,SD,Goods,51,5101
510113,MENS CASUAL S/SLEEVE TOP,63,148,120,331,0,14.99,16.67,.19033232,.44712991,331,344,Clothes and shoes,Clothing and footwear,Men,SD,Goods,51,5101
510117,MEN'S FORMAL RDY-MADE TROUSERS,59,171,99,329,-.015748095,24.99,24.99,.1793313,.51975685,308,432,Clothes and shoes,Clothing and footwear,Men,SD,Goods,51,5101
510118,MEN'S CASUAL TROUSERS,37,182,110,329,-.090909094,19.99,22,.11246201,.55319148,185,458.5,Clothes and shoes,Clothing and footwear,Men,SD,Goods,51,5101
510120,MEN'S JUMPER OR SWEATSHIRT,80,169,81,330,-.037536126,18.5,21.118,.24242425,.5121212,415,427,Clothes and shoes,Clothing and footwear,Men,SD,Goods,51,5101
510122,MEN'S TRACKSUIT/JOGGIN BOTTOMS,35,78,113,226,0,28,32.399998,.15486726,.34513274,263,200,Clothes and shoes,Clothing and footwear,Men,SD,Goods,51,5101
510126,MENS BRANDED T-SHIRT,33,42,78,153,0,15.99,15.552001,.21568628,.27450982,372,136,Clothes and shoes,Clothing and footwear,Men,SD,Goods,51,5101
510127,MENS OFFICIAL FOOTBALL SHIRT,21,76,17,114,-.19999999,64.989998,75.062897,.18421052,.66666669,321,517,Clothes and shoes,Clothing and footwear,Men,SD,Goods,51,5101
510128,MEN'S BRANDED SPORT SWEATSHIRT,53,62,35,150,0,38,33.910378,.35333332,.41333333,524,288,Clothes and shoes,Clothing and footwear,Men,SD,Goods,51,5101
510130,MENS 3/4 TO FULL LENGTH COAT,41,142,72,255,-.22480614,69.989998,86.24173,.16078432,.55686277,272,462,Clothes and shoes,Clothing and footwear,Men,SD,Goods,51,5101
510131,MENS CASUAL SHIRT,64,160,107,331,0,18,19.5,.19335347,.48338369,337,394,Clothes and shoes,Clothing and footwear,Men,SD,Goods,51,5101
510132,MEN'S T-SHIRT SHORT SLEEVED,50,149,129,328,0,6,6.2469997,.15243903,.45426831,256,353,Clothes and shoes,Clothing and footwear,Men,SD,Goods,51,5101
510206,WOMENS BLOUSE/SHIRT 1,107,159,66,332,0,14.99,16.553001,.32228917,.47891566,500,388.5,Clothes and shoes,Clothing and footwear,Women,SD,Goods,51,5102
510208,WOMEN'S FORMAL JACKET,82,187,61,330,-.18765227,25,41.929001,.24848485,.56666666,428,472,Clothes and shoes,Clothing and footwear,Women,SD,Goods,51,5102
510212,WOMEN'S JUMPER,106,138,90,334,0,16,16,.31736526,.41317365,493,287,Clothes and shoes,Clothing and footwear,Women,SD,Goods,51,5102
510215,WOMENS BASIC PLAIN T-SHIRT,97,66,165,328,0,5.9899998,5.5,.29573169,.20121951,472,76,Clothes and shoes,Clothing and footwear,Women,SD,Goods,51,5102
510219,WOMEN'S CASUAL OUTER JACKET,89,157,86,332,0,32,37.313999,.26807228,.47289157,445,380,Clothes and shoes,Clothing and footwear,Women,SD,Goods,51,5102
510223,WOMEN'S LONG SLV TOP-NT BLOUSE,127,129,74,330,0,12,11.212416,.38484848,.39090911,545,255,Clothes and shoes,Clothing and footwear,Women,SD,Goods,51,5102
510233,WOMEN'S CARDIGAN,81,211,42,334,-.10071945,16,18.475275,.24251497,.63173652,416,502,Clothes and shoes,Clothing and footwear,Women,SD,Goods,51,5102
510235,WOMEN'S TROUSERS-CASUAL,123,146,64,333,0,16,16.9,.36936936,.43843845,537,328,Clothes and shoes,Clothing and footwear,Women,SD,Goods,51,5102
510236,WOMEN'S TROUSERS-FORMAL,82,136,114,332,0,19.99,21.604504,.24698795,.40963855,424,281,Clothes and shoes,Clothing and footwear,Women,SD,Goods,51,5102
510237,WOMEN'S SKIRT: CASUAL,121,170,43,334,-.080036797,16,18.288,.36227545,.50898206,532,424,Clothes and shoes,Clothing and footwear,Women,SD,Goods,51,5102
510238,WOMEN'S SKIRT: WORK/FORMAL,91,146,94,331,0,16,18.9,.27492446,.4410876,452,332,Clothes and shoes,Clothing and footwear,Women,SD,Goods,51,5102
510244,WOMEN'S VEST/STRAPPY TOP,117,97,110,324,0,4,4,.3611111,.29938272,530,156,Clothes and shoes,Clothing and footwear,Women,SD,Goods,51,5102
510245,WOMENS DRESS -CASUAL/FORMAL,124,181,27,332,-.096657619,23.49,24.705574,.37349397,.54518074,539,452,Clothes and shoes,Clothing and footwear,Women,SD,Goods,51,5102
510246,WOMENS SHORT SLEEVE SPORTS TOP,79,70,78,227,0,14.99,14.724,.34801763,.30837005,518,171,Clothes and shoes,Clothing and footwear,Women,SD,Goods,51,5102
510248,WOMEN'S JEANS- OWN BRAND,57,115,136,308,0,17.99,19.549999,.18506494,.37337664,323,235,Clothes and shoes,Clothing and footwear,Women,SD,Goods,51,5102
510249,WOMEN'S JEANS- BRANDED,24,43,35,102,0,79,79,.23529412,.42156863,399.5,301,Clothes and shoes,Clothing and footwear,Women,SD,Goods,51,5102
510250,WOMEN'S COAT - SEE HELP SCREEN,88,190,50,328,-.088422976,39.990002,45.359287,.2682927,.57926828,446,476,Clothes and shoes,Clothing and footwear,Women,SD,Goods,51,5102
510254,WOMENS SPORTSWEAR SHORTS,63,70,70,203,0,15,13.442,.31034482,.34482759,484,199,Clothes and shoes,Clothing and footwear,Women,SD,Goods,51,5102
510255,WOMEN'S SWIMWEAR,44,44,135,223,0,11,11,.19730942,.19730942,342,73,Clothes and shoes,Clothing and footwear,Women,SD,Goods,51,5102
510256,WOMEN'S SHOWERPROOF JACKET,36,73,50,159,0,80,90.900002,.2264151,.4591195,385,361,Clothes and shoes,Clothing and footwear,Women,SD,Goods,51,5102
510257,WOMENS BLOUSE / SHIRT 2,96,138,99,333,0,16,17.99,.2882883,.41441441,468,290,Clothes and shoes,Clothing and footwear,Women,SD,Goods,51,5102
510258,WOMENS LEGGINGS FULL LENGTH,66,96,161,323,0,8.9899998,9.5,.20433436,.29721361,354,151,Clothes and shoes,Clothing and footwear,Women,SD,Goods,51,5102
510259,WOMENS SHORT SLEEVE FORMAL TOP,127,159,46,332,-.034749046,12.5,14.29,.38253012,.47891566,543,388.5,Clothes and shoes,Clothing and footwear,Women,SD,Goods,51,5102
510260,WOMENS EXERCISE LEGGINGS,90,99,62,251,0,22,22,.35856575,.39442232,529,258,Clothes and shoes,Clothing and footwear,Women,SD,Goods,51,5102
510324,TROUSERS  FOR SCHOOL 5-13 YRS,55,145,120,320,0,8,9.0930004,.171875,.453125,293,351,Clothes and shoes,Clothing and footwear,Child,SD,Goods,51,5103
510328,BOYS JEANS (5-13 YEARS),69,112,113,294,0,10,10,.23469388,.38095239,396,241,Clothes and shoes,Clothing and footwear,Child,SD,Goods,51,5103
510330,BABY SLEEPSUIT LONG SLEEVE,72,153,81,306,-.029126223,5,4.9942203,.23529412,.5,399.5,417,Clothes and shoes,Clothing and footwear,Child,SD,Goods,51,5103
510336,GIRLS SKIRT FOR SCHOOL 5-13YRS,68,122,128,318,0,7,7.2000003,.21383648,.3836478,368,243,Clothes and shoes,Clothing and footwear,Child,SD,Goods,51,5103
510340,GIRLS FASHION TOP 12-13 YEARS,59,110,36,205,-.073215939,8,10.360001,.28780487,.53658539,467,444,Clothes and shoes,Clothing and footwear,Child,SD,Goods,51,5103
510344,GIRLS TROUSERS NOT DENIM 5-13,85,136,103,324,0,8.4949999,8.6800003,.26234567,.41975307,439,299,Clothes and shoes,Clothing and footwear,Child,SD,Goods,51,5103
510347,GIRLS JACKET (5-13 YEARS),106,136,88,330,0,19.744999,22.214443,.32121211,.41212121,498,285,Clothes and shoes,Clothing and footwear,Child,SD,Goods,51,5103
510348,BOYS T-SHIRT 3-13 YEARS,32,108,86,226,0,10.5,13.052,.14159292,.4778761,239,386,Clothes and shoes,Clothing and footwear,Child,SD,Goods,51,5103
510349,GIRLS LEGGINGS 5-13 YEARS,79,143,97,319,0,4,3.5431199,.24764891,.44827586,425,345,Clothes and shoes,Clothing and footwear,Child,SD,Goods,51,5103
510402,MEN'S PANTS/BOXER SHORTS,72,137,120,329,0,4.3299999,4.3299999,.21884498,.41641337,379,294,Clothes and shoes,Clothing and footwear,Men,SD,Goods,51,5104
510405,WOMEN'S NIGHTDRESS/PYJAMAS,105,145,76,326,0,12.5,14.031,.32208589,.44478527,499,338,Clothes and shoes,Clothing and footwear,Women,SD,Goods,51,5104
510406,WOMEN'S PANTS,74,109,127,310,0,3,3.0532498,.23870967,.3516129,408,214,Clothes and shoes,Clothing and footwear,Women,SD,Goods,51,5104
510407,"BRA, CUP SIZE A-D RANGE",73,128,124,325,0,9.9899998,10,.22461538,.39384615,384,257,Clothes and shoes,Clothing and footwear,Women,SD,Goods,51,5104
510410,CHILDS PYJAMAS 18MTHS-13YEARS,56,169,85,310,-.099909961,10,11.104445,.18064517,.54516131,310,451,Clothes and shoes,Clothing and footwear,Child,SD,Goods,51,5104
510411,CHILDS PANTS 1PR 18MTHS-13YRS,57,121,133,311,0,1.2,1.30273,.18327974,.38906753,318,250,Clothes and shoes,Clothing and footwear,Child,SD,Goods,51,5104
510413,MENS SOCKS 1 PAIR,45,136,143,324,0,2.4000001,2.4000001,.1388889,.41975307,232.5,299,Clothes and shoes,Clothing and footwear,Men,SD,Goods,51,5104
510415,WOMEN'S TIGHTS,38,110,168,316,0,3,3.03,.12025317,.34810126,197,207,Clothes and shoes,Clothing and footwear,Women,SD,Goods,51,5104
510416,CHILDS SOCKS 1 PR UK 3-6.5,48,148,118,314,0,.89999998,.91229999,.15286624,.47133759,257,376.5,Clothes and shoes,Clothing and footwear,Child,SD,Goods,51,5104
510419,MEN'S TIE,40,96,173,309,0,4,4.8600001,.12944984,.31067961,217,175,Clothes and shoes,Clothing and footwear,Men,SD,Goods,51,5104
510429,KNITTING WOOL-DOUBLE KNIT-100G,22,68,39,129,-.0099009471,2,2.0900002,.17054264,.5271318,290,437,Clothes and shoes,Clothing and footwear,Unisex,SD,Goods,51,5104
510432,LADY'S SCARF,66,139,108,313,0,10,10,.21086262,.44408944,363,336,Clothes and shoes,Clothing and footwear,Women,SD,Goods,51,5104
510433,MENS BASE LAYER TOP LONG/SHORT,37,73,46,156,-.015033931,25,24.5,.23717949,.4679487,404,373,Clothes and shoes,Clothing and footwear,Men,SD,Goods,51,5104
510434,"HAT/CAP, ADULT",114,94,94,302,0,7.9899998,7.3365002,.37748346,.31125829,541,176,Clothes and shoes,Clothing and footwear,Unisex,SD,Goods,51,5104
510501,MENS SHOE FORMAL STYLE,38,191,100,329,-.080036782,35,55,.11550152,.58054709,188,478,Clothes and shoes,Clothing and footwear,Men,SD,Goods,51,5105
510506,WOMEN'S SANDALS,72,128,123,323,-.02912535,14,20.25,.22291021,.39628482,381,263,Clothes and shoes,Clothing and footwear,Women,SD,Goods,51,5105
510507,BOY'S SHOES,40,131,144,315,0,22,26.739302,.12698413,.41587302,213.5,292,Clothes and shoes,Clothing and footwear,Child,SD,Goods,51,5105
510508,GIRL'S SHOES SCHOOL,40,174,104,318,-.045801517,19,24.264999,.12578617,.5471698,209,456,Clothes and shoes,Clothing and footwear,Child,SD,Goods,51,5105
510515,MEN'S SHOE CASUAL STYLE,52,159,114,325,-.044890229,39.990002,48,.16,.48923078,271,400,Clothes and shoes,Clothing and footwear,Men,SD,Goods,51,5105
510516,MEN'S TRAINING SHOE-SPORTSWEAR,32,61,59,152,0,45,47.995003,.21052632,.40131578,362,271,Clothes and shoes,Clothing and footwear,Men,SD,Goods,51,5105
510517,WOMEN'S TRAINING SHOES,21,64,66,151,0,48,54.852573,.13907285,.42384106,235.5,306,Clothes and shoes,Clothing and footwear,Women,SD,Goods,51,5105
510528,CHILD'S TRAINERS-SPORTS,54,56,42,152,0,30,31.99,.35526314,.36842105,526,230.5,Clothes and shoes,Clothing and footwear,Child,SD,Goods,51,5105
510529,WOMANS BOOTS,83,164,67,314,-.035679765,29.99,36.236992,.26433122,.52229297,441,434,Clothes and shoes,Clothing and footwear,Women,SD,Goods,51,5105
510530,HEEL,43,147,132,322,0,19.99,23.491055,.13354038,.45652175,227,357,Clothes and shoes,Clothing and footwear,Women,SD,Goods,51,5105
510533,WOMENS SHOE,56,154,109,319,-.094202846,25,27.599998,.17554858,.48275861,301,393,Clothes and shoes,Clothing and footwear,Women,SD,Goods,51,5105
510534,WALKING/HIKING BOOT,24,75,57,156,-.030067926,99,102.80531,.15384616,.48076922,258.5,392,Clothes and shoes,Clothing and footwear,Unisex,SD,Goods,51,5105
510535,CANVAS FASHION ADULT SHOE/TRAI,45,121,125,291,0,9.9899998,11.528999,.15463917,.41580757,261,291,Clothes and shoes,Clothing and footwear,Unisex,SD,Goods,51,5105
520103,LADY'S UMBRELLA -FOLDING,86,35,83,204,0,7.9899998,6.834115,.42156863,.17156863,559,54,Other goods and services,Miscellaneous goods and services,Women,SD,Goods,52,5201
520109,LADIES HAND/SHLDER BAG,39,98,71,208,-.019607825,17.99,21.896,.1875,.47115386,328,375,Other goods and services,Miscellaneous goods and services,Women,SD,Goods,52,5201
520118,FLOWER VASE,9,98,103,210,-.027237341,6.5,7.2000003,.042857144,.46666667,55,370.5,Household,Miscellaneous goods and services,Unisex,SD,Goods,52,5201
520123,EARRINGS- FASHION,69,135,100,304,-.0019959889,4.8699999,4.2010145,.22697368,.44407895,387,335,Other goods and services,Miscellaneous goods and services,Women,D,Goods,52,5201
520130,SOLID GOLD RING 9CT,26,136,54,216,-.073215939,299,325.0065,.12037037,.62962961,198,499,Other goods and services,Miscellaneous goods and services,Women,D,Goods,52,5201
520131,GENT'S WATCH- ANALOGUE FACE,66,113,84,263,0,169,178.295,.25095057,.42965779,429,312,Other goods and services,Miscellaneous goods and services,Men,D,Goods,52,5201
520132,WALL HANGING MIRROR UPTO 1.5M,39,196,74,309,-.10714287,30,39.989998,.1262136,.63430423,211,503,Household,"Furniture, household equipment and maintenance",Unisex,D,Goods,52,5201
520134,LUGGAGE TROLLEY CASE - 60-70CM,23,48,63,134,-.071494929,42.495003,42.978889,.1716418,.35820895,291.5,222,Other goods and services,Miscellaneous goods and services,Unisex,SD,Goods,52,5201
520135,DIAMOND SOLITAIRE RING,41,91,109,241,0,1199,1199.99,.17012449,.37759337,289,238,Other goods and services,Miscellaneous goods and services,Women,D,Goods,52,5201
520136,PHOTO FRAME,43,109,84,236,-.065420575,9.9949999,9.5079699,.1822034,.46186441,315,364,Other goods and services,Miscellaneous goods and services,Unisex,SD,Goods,52,5201
520137,STERLING SILVER EARRINGS,69,62,112,243,0,19,17.358419,.28395063,.25514403,461.5,115,Other goods and services,Miscellaneous goods and services,Women,D,Goods,52,5201
520138,SPECTACLE FRAMES WITH LENSE,17,15,114,146,0,79.5,79.5,.11643836,.10273973,191,14,Medical and health,Health,Unisex,ND,Goods,52,5201
520139,DAILY DISPOSABLE SOFT LENSES,10,20,116,146,0,30,30,.06849315,.1369863,100.5,31,Medical and health,Health,Unisex,ND,Goods,52,5201
520140,NECKLACE FASHION APX 16/20 INS,67,134,135,336,0,7,7.5975599,.19940476,.39880952,346,267,Other goods and services,Miscellaneous goods and services,Women,D,Goods,52,5201
520141,MOBILE PHONE ACCESSORY,25,155,175,355,0,12.99,12.99,.070422538,.43661973,104,324.5,Telphones and post,Miscellaneous goods and services,Unisex,D,Goods,52,5201
520142,RE-USABLE BOTTLE/MUG ADULT,18,116,159,293,0,5.9899998,6.25,.061433446,.39590445,92,261,Household,,,,,52,5201
520202,INDIGESTION TABLETS 16-24 PACK,8,54,101,163,0,2.49,2.49,.049079753,.33128834,69,189,Medical and health,Health,Unisex,ND,Goods,52,5202
520206,TAMPONS-PACK OF 10-20,63,8,185,256,0,1.9,1.9,.24609375,.03125,423,1,Other goods and services,Miscellaneous goods and services,Women,SD,Goods,52,5202
520209,TOOTHPASTE (SPECIFY SIZE),37,30,95,162,0,1.2,1,.22839506,.18518518,389,66,Other goods and services,Miscellaneous goods and services,Unisex,SD,Goods,52,5202
520213,TISSUES-LARGE SIZE BOX,53,27,77,157,0,1.15,1.125,.33757961,.17197452,514,55,Other goods and services,Miscellaneous goods and services,Unisex,SD,Goods,52,5202
520215,MOISTURISER FACIAL 50-150ML,40,54,121,215,0,3.99,3.5,.18604651,.2511628,324.5,112,Other goods and services,Miscellaneous goods and services,Unisex,SD,Goods,52,5202
520216,DEODORANT/ANTI PERSPI 50-250ML,60,41,71,172,0,1.645,1.5316,.3488372,.23837209,519.5,95,Other goods and services,Miscellaneous goods and services,Unisex,SD,Goods,52,5202
520219,"DISP NAPPIES, SPEC TYPE, 20-60",25,42,163,230,0,4.4899998,4.510725,.10869565,.18260869,174,65,Other goods and services,Miscellaneous goods and services,Unisex,SD,Goods,52,5202
520222,MULTI-VITAMINS CAPSULES/TABLET,32,45,71,148,0,4.25,4.4684997,.21621622,.30405405,375,168,Medical and health,Health,Unisex,ND,Goods,52,5202
520223,MASCARA,44,38,132,214,0,8.4899998,8.4899998,.20560747,.17757009,356,60,Other goods and services,Miscellaneous goods and services,Women,SD,Goods,52,5202
520226,SHAMPOO-250-400ML,28,45,96,169,0,3,3.125,.16568047,.26627219,284,132,Other goods and services,Miscellaneous goods and services,Unisex,SD,Goods,52,5202
520227,PAIN KILLER TABLETS-16-24 PACK,31,40,88,159,0,1.7,1.75,.19496855,.25157234,340,113,Medical and health,Health,Unisex,ND,Goods,52,5202
520228,PLASTERS-20-40 PACK,46,38,77,161,0,1.4,1.6691999,.2857143,.23602484,464,93,Medical and health,Health,Unisex,ND,Goods,52,5202
520230,CONDOMS PACK OF 3-14,50,11,99,160,0,7,7,.3125,.068750001,488,6,Medical and health,Miscellaneous goods and services,Men,ND,Goods,52,5202
520234,PERFUME/EUD DE TOILETTE,35,73,102,210,0,22,20.875,.16666667,.34761906,285,204,Other goods and services,Miscellaneous goods and services,Unisex,SD,Goods,52,5202
520235,SUNSCREEN - SPEC SIZE/SPF,47,16,93,156,0,5.9899998,5.3223,.30128205,.1025641,478,13,Other goods and services,Miscellaneous goods and services,Unisex,SD,Goods,52,5202
520236,WOMENS HAIR COLOURANT 60-140ML,15,9,104,128,0,6.4899998,6.4899998,.1171875,.0703125,193.5,8,Other goods and services,Miscellaneous goods and services,Women,SD,Goods,52,5202
520237,HAIR GEL 150-200ML,19,49,85,153,0,3,3,.12418301,.32026145,206,182,Other goods and services,Miscellaneous goods and services,Unisex,SD,Goods,52,5202
520238,SHOWER GEL 150-250ML,35,24,115,174,0,1,1,.20114942,.13793103,351,33,Other goods and services,Miscellaneous goods and services,Unisex,SD,Goods,52,5202
520241,RAZOR CARTRIDGE BLADES,24,69,60,153,-.01864576,9,9.5310001,.15686275,.4509804,267,349,Other goods and services,Miscellaneous goods and services,Unisex,SD,Goods,52,5202
520242,COLD/FLU DRINK POWDER,15,61,85,161,0,4,4.5408001,.0931677,.37888199,144,239,Medical and health,Health,Unisex,ND,Goods,52,5202
520243,LIQUID FOUNDATION 30-35ML,22,61,118,201,0,9,9.9799995,.10945274,.30348259,179,166,Other goods and services,Miscellaneous goods and services,Women,SD,Goods,52,5202
520244,TOOTHBRUSH,63,77,114,254,0,1.65,1.4070001,.2480315,.30314961,426,164,Other goods and services,Miscellaneous goods and services,Unisex,SD,Goods,52,5202
520245,ANTIHISTAMINE ALLERGY TABLETS,47,26,151,224,0,4.625,4.5314999,.20982143,.11607143,360,22.5,Medical and health,Health,Unisex,ND,Goods,52,5202
520246,LIP GLOSS,45,52,157,254,0,6.9899998,6.9899998,.17716536,.20472442,307,77,Other goods and services,Miscellaneous goods and services,Women,SD,Goods,52,5202
520247,LIQUID SOAP 200-300ML,34,54,156,244,0,1,1,.13934426,.22131148,237,88,Other goods and services,Miscellaneous goods and services,Unisex,SD,Goods,52,5202
520248,CONDITIONER FOR HAIR,28,88,136,252,0,2.9400001,2.6959,.11111111,.34920636,182,211,Other goods and services,Miscellaneous goods and services,Unisex,SD,Goods,52,5202
520249,BABY WIPES 50-85,18,143,79,240,-.076638907,.89999998,.99000001,.075000003,.59583336,113.5,487,Other goods and services,Miscellaneous goods and services,Baby,SD,Goods,52,5202
520250,NAIL VARNISH BOTTLE 6 - 14mls,64,23,144,231,0,3.5,3.49,.27705628,.0995671,454,11,Other goods and services,Miscellaneous goods and services,Women,SD,Goods,52,5202
520251,COUGH LIQUID BOTTLE 150-200MLS,32,94,130,256,0,4.5,4.7754998,.125,.3671875,208,228,Medical and health,Health,Unisex,ND,Goods,52,5202
520252,BODY M'RISING LOTION 200-400ML,88,36,151,275,0,4,3.49,.31999999,.13090909,495,27,Medical and health,Miscellaneous goods and services,Unisex,ND,Goods,52,5202
520253,SELF TANNING PRODUCT,40,164,142,346,-.0059642824,7,9.9816504,.11560693,.47398844,189,383,Medical and health,,,,,52,5202
520301,MAN'S HAIRCUT,16,230,13,259,-.017681759,15,15.27,.061776061,.88803089,93,557,Other goods and services,Miscellaneous goods and services,Men,S,Services,52,5203
520303,WOMEN'S HRDRESSING-CUT/BLOWDRY,10,213,16,239,-.017681759,37,38.763,.041841004,.89121342,54,559,Other goods and services,Miscellaneous goods and services,Women,S,Services,52,5203
520311,WOMENS HIGHLIGHTING,12,210,17,239,-.017681763,70,73.295998,.050209206,.8786611,72,555,Other goods and services,Miscellaneous goods and services,Women,S,Services,52,5203
520313,NON-NHS MEDICINE-PHYSIOTHERAPY,19,42,71,132,0,48,49.650002,.14393939,.31818181,243,180,Medical and health,Health,Unisex,S,Services,52,5203
520324,RESIDENTIAL HOME,10,80,51,141,-.029597074,810,855.77478,.070921987,.5673759,106.5,473,Other goods and services,Miscellaneous goods and services,Unisex,S,Services,52,5203
520325,NURSING HOME,6,64,60,130,-.0074438974,960.5,989.70001,.046153847,.49230769,62,404,Medical and health,Miscellaneous goods and services,Unisex,S,Services,52,5203
520326,PRIVATE DENTAL EXAMINATION,5,66,74,145,0,46,47,.034482758,.45517242,42,356,Medical and health,Health,Unisex,S,Services,52,5203
520331,BASIC MANICURE,9,105,1,115,-.017681697,20,20.360001,.078260869,.9130435,116,564.5,Other goods and services,Miscellaneous goods and services,Women,S,Services,52,5203
520332,NON NHS CHIROPRACTOR,4,49,86,139,0,55,58,.028776979,.35251799,35,215,Medical and health,Health,Unisex,S,Services,52,5203
610204,"CAR TYRE, STATE SIZE",34,129,34,197,-.055712912,73,77.234001,.17258883,.65482235,295,513,Cars and transport,Transport,Unisex,SD,Goods,61,6102
610221,WINDSCREEN WIPER BLADES,9,60,82,151,0,8.4899998,9.427,.059602648,.397351,90,264,Cars and transport,Transport,Unisex,SD,Goods,61,6102
610227,"CAR MOT TEST FEE, VAT EXEMPT",14,47,249,310,0,45,45,.045161292,.15161291,59,42,Cars and transport,Transport,Unisex,S,Services,61,6102
610231,CAR SERVICE- LOCAL GARAGE,9,37,57,103,0,165,170,.087378643,.35922331,135,223,Cars and transport,Transport,Unisex,S,Services,61,6102
610232,CAR SERVICE- MAIN DEALER,14,25,47,86,0,225,225.38419,.1627907,.29069766,276.5,145,Cars and transport,Transport,Unisex,S,Services,61,6102
610235,CAR REPAIRS MAIN DEALER,7,17,62,86,0,119.4,120,.08139535,.19767442,122,74,Cars and transport,Transport,Unisex,S,Services,61,6102
610236,CAR REPAIRS LOCAL GARAGE,7,31,67,105,0,60,62.5,.06666667,.29523811,96,149,Cars and transport,Transport,Unisex,S,Services,61,6102
610237,CAR BULB 12 VOLT SPECIFY WATTS,51,37,64,152,0,3.3299999,3.0749502,.33552632,.24342105,511,102,Cars and transport,Transport,Unisex,SD,Goods,61,6102
610238,CAR WASH HAND OR AUTOMATIC,13,33,66,112,0,5,5.3100004,.11607143,.29464287,190,148,Cars and transport,Transport,Unisex,S,Services,61,6102
610239,EXHAUST FITTING FAST FIT CENT,16,55,20,91,-.013806757,350,335,.17582418,.60439563,303,492,Cars and transport,Transport,Unisex,S,Services,61,6102
610241,WHEEL ALIGNMENT,9,17,72,98,0,50,52.100002,.091836736,.17346939,142,56,Cars and transport,Transport,Unisex,S,Services,61,6102
610303,OIL PER LITRE-MULTIGRADE,38,52,37,127,0,10.49,10.929811,.2992126,.40944883,477,280,Cars and transport,Transport,Unisex,ND,Goods,61,6103
620303,SELF-DRIVE VAN HIRE,24,112,104,240,0,63.900002,65.176003,.1,.46666667,156.5,370.5,Cars and transport,Transport,Unisex,S,Services,62,6203
620304,PUSHCHAIR/STROLLER,6,86,16,108,-.14310199,164.99001,181.4335,.055555556,.7962963,82.5,545,Other goods and services,Miscellaneous goods and services,Baby,SD,Goods,62,6203
620307,SELF-DRIVE CAR HIRE BASIC 24HR,28,148,38,214,-.14746282,74.084999,97.570015,.13084112,.69158876,223,523,Cars and transport,Transport,Unisex,S,Services,62,6203
620308,MINICAB FARE FOR 2 MILES,6,48,75,129,0,6.1999998,6.2712002,.046511628,.37209302,63,233.5,Cars and transport,Transport,Unisex,S,Services,62,6203
620315,CAR PARK CHARGES,8,65,192,265,0,2.2,2.4000001,.03018868,.24528302,36,105,Cars and transport,Transport,Unisex,S,Services,62,6203
620317,CHILDS BICYCLE,14,190,49,253,-.14310199,112.85,123.7,.055335969,.75098813,81,534,Cars and transport,Transport,Child,D,Goods,62,6203
620318,ADULT BIKE,13,184,44,241,-.122807,329,348.30002,.053941909,.76348549,78,537,Cars and transport,Transport,Unisex,D,Goods,62,6203
620319,CYCLE HELMET 12+ SPEC ROAD/MOU,54,90,150,294,0,30,30,.18367347,.30612245,319.5,169,Cars and transport,Clothing and footwear,Unisex,SD,Goods,62,6203
630138,DIGITAL RADIO (DAB),31,97,68,196,-.0069513191,79.989998,88.889832,.15816326,.49489796,269,409,"Relaxing, culture and hobbies",Recreation and culture,Unisex,D,Goods,63,6301
630156,HEADPHONES/EARPHO SPECIFY TYPE,51,164,173,388,0,19.99,20.130001,.13144329,.42268041,225,304,"Relaxing, culture and hobbies",Recreation and culture,Unisex,D,Goods,63,6301
630159,OR SMALLER,44,215,30,289,-.09255901,199.99001,248.004,.15224913,.74394464,254,532,"Relaxing, culture and hobbies",Recreation and culture,Unisex,D,Goods,63,6301
630160,OR LARGER,40,229,22,291,-.098286726,429,533.18665,.13745704,.78694159,231,543,"Relaxing, culture and hobbies",Recreation and culture,Unisex,D,Goods,63,6301
630162,PORTABLE SPEAKER,62,221,94,377,-.039385192,55,75.625,.16445623,.58620691,281,482,"Relaxing, culture and hobbies",Recreation and culture,Unisex,D,Goods,63,6301
630164,DVD/BLU RAY PLAYER,91,67,100,258,0,69,60.237003,.35271317,.25968993,523,123,"Relaxing, culture and hobbies",,,,,63,6301
630165,PORTABLE DIGITAL MUSIC PLAYER,1,49,85,135,0,199,199,.0074074073,.36296296,11,224,"Relaxing, culture and hobbies",,,,,63,6301
630226,RECORDABLE CD PRICE PER CD,11,110,108,229,-.055712923,.38,.38045001,.048034936,.48034933,66,391,"Relaxing, culture and hobbies",Recreation and culture,Unisex,SD,Goods,63,6302
630228,PRE-RECORDED DVD (FILM),11,15,16,42,0,10,10,.26190478,.35714287,438,221,"Relaxing, culture and hobbies",Recreation and culture,Unisex,SD,Goods,63,6302
630229,PRE-RECORDED DVD (NON-FILM),1,17,17,35,-.017681759,5,5.0250001,.028571429,.48571429,33.5,396,"Relaxing, culture and hobbies",Recreation and culture,Unisex,SD,Goods,63,6302
630230,CD ALBUM (TOP 40),7,17,15,39,-.19331971,7,6.125,.17948718,.43589744,309,322,"Relaxing, culture and hobbies",Recreation and culture,Unisex,SD,Goods,63,6302
630231,CD ALBUM (NOT CHART),5,14,17,36,-.046711132,5,5,.1388889,.3888889,232.5,249,"Relaxing, culture and hobbies",Recreation and culture,Unisex,SD,Goods,63,6302
630233,BLU RAY DISC (FILM) FROM CHART,3,23,15,41,-.055712949,15,15.885,.073170729,.56097561,109,466,"Relaxing, culture and hobbies",Recreation and culture,Unisex,SD,Goods,63,6302
630309,BOXED BOARD GAME: NOT TRAVEL,36,98,40,174,-.041227229,20,24,.20689656,.56321841,358,469,"Relaxing, culture and hobbies",Recreation and culture,Unisex,SD,Goods,63,6303
630312,CHILD'S PLASTIC DOLL,53,60,86,199,0,11,10.815999,.26633167,.30150753,442,160,"Relaxing, culture and hobbies",Recreation and culture,Child,SD,Goods,63,6303
630313,MODEL RD VEHICLE EG HOT WHEELS,63,41,96,200,0,1.85,1.85,.315,.205,490,79,"Relaxing, culture and hobbies",Recreation and culture,Child,SD,Goods,63,6303
630314,CONSTRUCTION TOY: SPEC KIT NO,73,21,87,181,0,12.99,11.99,.40331492,.1160221,553,21,"Relaxing, culture and hobbies",Recreation and culture,Child,SD,Goods,63,6303
630317,"SLEEPING BAG, ADULT",14,62,66,142,-.070190057,32.495003,34.567001,.098591551,.43661973,152,324.5,Household,Recreation and culture,Unisex,SD,Goods,63,6303
630332,CHILD'S SOFT TOY/TEDDY BEAR,30,87,88,205,-.010880315,9.9899998,8.4499998,.14634146,.42439026,244,307,"Relaxing, culture and hobbies",Recreation and culture,Child,SD,Goods,63,6303
630336,FOOTBALL,14,81,46,141,-.00099908723,14.99,14.99,.099290781,.57446808,155,475,"Relaxing, culture and hobbies",Recreation and culture,Unisex,SD,Goods,63,6303
630340,CARBON FIBRE FISHING ROD,6,32,48,86,0,49.990002,50.301876,.069767445,.37209302,102,233.5,"Relaxing, culture and hobbies",Recreation and culture,Unisex,SD,Goods,63,6303
630341,PRESCHOOL ACTIVITY TOY,30,73,70,173,0,10,11.07,.1734104,.42196533,297,303,"Relaxing, culture and hobbies",Recreation and culture,Child,SD,Goods,63,6303
630342,BEGINNER'S ACOUSTIC GUITAR,21,33,33,87,0,99,99.197998,.24137931,.37931034,412,240,"Relaxing, culture and hobbies",Recreation and culture,Unisex,D,Goods,63,6303
630343,MEN'S FOOTBALL BOOTS,16,55,47,118,-.066293158,70,72.218994,.13559322,.46610171,229,369,"Relaxing, culture and hobbies",Recreation and culture,Men,SD,Goods,63,6303
630345,GOLF BALLS PRICE PER BALL,5,55,73,133,0,.63999999,.78783995,.037593983,.41353384,47,289,"Relaxing, culture and hobbies",Recreation and culture,Unisex,SD,Goods,63,6303
630347,CHILD'S BABY DOLL,37,67,71,175,0,12.99,13.33333,.21142857,.38285714,365,242,"Relaxing, culture and hobbies",Recreation and culture,Child,SD,Goods,63,6303
630357,SQUASH/TENNIS RACQUET,20,41,74,135,0,19.99,19.99,.14814815,.3037037,247,167,"Relaxing, culture and hobbies",Recreation and culture,Unisex,SD,Goods,63,6303
630358,PORTABLE DIGITAL STORAGE DEVIC,72,95,68,235,0,9.9899998,11.098889,.30638298,.40425533,482,275,"Relaxing, culture and hobbies",Recreation and culture,Unisex,SD,Goods,63,6303
630359,DIGITAL DEVELOPMENT PER PRINT,7,76,48,131,-.0079365345,.55000001,.55440003,.053435113,.58015269,76,477,"Relaxing, culture and hobbies",Recreation and culture,Unisex,S,Services,63,6303
630365,CRAFT KIT FOR CHILD 5 YRS+,109,28,86,223,.050420176,8,6.3566399,.48878923,.12556054,575,25,"Relaxing, culture and hobbies",Recreation and culture,Child,SD,Goods,63,6303
630368,ELECTRONIC EDUCATIONAL TOY,20,125,76,221,-.030532401,18,19.062,.09049774,.56561089,139,470,"Relaxing, culture and hobbies",Recreation and culture,Child,SD,Goods,63,6303
630373,JIGSAW MINIMUM 100 PIECES,106,50,63,219,.12946425,10,10,.48401827,.2283105,572,90,"Relaxing, culture and hobbies",Recreation and culture,Unisex,ND,Goods,63,6303
630374,CHILDS SCOOTER AGE 5-12 YEARS,43,95,77,215,-.00099902379,32.990002,26.67333,.2,.44186047,347.5,333,"Relaxing, culture and hobbies",Recreation and culture,Child,D,Goods,63,6303
630376,CHILDS SIT & RIDE TOY U'ER 5'S,93,67,57,217,0,32.990002,33.27549,.42857143,.30875576,562,172,"Relaxing, culture and hobbies",Recreation and culture,Child,SD,Goods,63,6303
630377,ACTION CAMERA,87,24,24,135,.17508812,34,24.718,.64444447,.17777778,583,61,"Relaxing, culture and hobbies",Recreation and culture,Unisex,D,Goods,63,6303
630378,COMPUTER GAME 1,10,2,17,29,0,40,40,.34482759,.068965517,517,7,"Relaxing, culture and hobbies",,,,,63,6303
630379,COMPUTER GAME 2,19,7,3,29,.3280212,37,24.900999,.65517241,.24137931,584,100,"Relaxing, culture and hobbies",,,,,63,6303
630380,COMPUTER GAME 3,15,9,5,29,.0989011,45,42.119999,.51724136,.31034482,578,174,"Relaxing, culture and hobbies",,,,,63,6303
630381,HAND WEIGHTS FOR HOME EXERCISE,76,69,49,194,0,16.02,14.08572,.39175257,.35567009,549,217,"Relaxing, culture and hobbies",,,,,63,6303
630422,BOOK-REFERENCE (EG ATLAS/DICT),42,77,58,177,0,11,11.076,.23728813,.43502825,405.5,320,"Relaxing, culture and hobbies",Recreation and culture,Unisex,SD,Goods,63,6304
630425,BOOK-NON-FICTION-HARD-COVER,27,170,22,219,-.2229992,11,16.137001,.12328767,.77625573,202,540,"Relaxing, culture and hobbies",Recreation and culture,Unisex,SD,Goods,63,6304
630426,BOOK-NON-FICTION-PAPER-BACK,58,103,33,194,-.084249064,7.9899998,7.9343596,.29896906,.53092784,476,440,"Relaxing, culture and hobbies",Recreation and culture,Unisex,SD,Goods,63,6304
630434,BOOK ILLUSTRATED FOR UNDER 5,18,88,79,185,-.063670345,6.9899998,6.9899998,.097297296,.47567567,150,385,"Relaxing, culture and hobbies",Recreation and culture,Child,SD,Goods,63,6304
630435,BOOK - FICTION - HARD COVER,66,135,7,208,-.18765229,10,12.5,.31730768,.64903843,492,509,"Relaxing, culture and hobbies",Recreation and culture,Unisex,SD,Goods,63,6304
630437,BOOK - TEENAGE FICTION,23,91,68,182,-.064545497,7.9899998,7.9899998,.12637363,.5,212,417,"Relaxing, culture and hobbies",Recreation and culture,Child,SD,Goods,63,6304
630439,BOOK FICTION P/BACK TOP 10,18,137,60,215,-.11426041,8.9899998,9.3316193,.08372093,.6372093,130,504,"Relaxing, culture and hobbies",Recreation and culture,Unisex,SD,Goods,63,6304
630440,"CHILDS BOOK, FICTION 6-12YRS",19,150,35,204,-.11504428,6.9899998,8.1573305,.093137257,.7352941,143,531,"Relaxing, culture and hobbies",Recreation and culture,Unisex,SD,Goods,63,6304
630505,GARDEN SPADE,10,70,68,148,-.099098347,14.99,12.378735,.067567565,.47297296,98,381,Household,Recreation and culture,Unisex,D,Goods,63,6305
630507,HOUSEPLANT,105,51,50,206,.037344411,4,4.1247501,.50970876,.24757281,577,107,"Relaxing, culture and hobbies",Recreation and culture,Unisex,ND,Goods,63,6305
630510,POTTING COMPOST,2,80,62,144,-.094202898,5.6000004,6.4586344,.013888889,.55555558,19,460.5,"Relaxing, culture and hobbies",Recreation and culture,Unisex,ND,Goods,63,6305
630518,CUT FLOWERS-CARNATIONS-STEM,52,58,57,167,0,.44,.44572002,.31137726,.34730539,487,203,"Relaxing, culture and hobbies",Recreation and culture,Unisex,ND,Goods,63,6305
630519,POTTED SHRUB,26,42,68,136,0,3.25,2.59201,.19117647,.30882353,333,173,"Relaxing, culture and hobbies",Recreation and culture,Unisex,ND,Goods,63,6305
630525,PLANT FOOD 800ML-2LT/500G-1.5K,27,48,74,149,0,3.99,4,.18120806,.32214764,312,183,"Relaxing, culture and hobbies",Recreation and culture,Unisex,ND,Goods,63,6305
640212,THEATRE ADULT EVES-FRONT STLLS,27,82,15,124,-.13269728,25,27.150002,.21774194,.66129035,378,514,"Relaxing, culture and hobbies",Recreation and culture,Unisex,S,Services,64,6402
640219,SWIMMING POOL ADM STND ADULT,5,157,0,162,-.0059642768,4.9000001,4.9294004,.030864198,.96913582,38,581,"Relaxing, culture and hobbies",Recreation and culture,Unisex,S,Services,64,6402
640222,EXERCISE CLASS UPTO 1HR,3,150,1,154,-.031007724,6.6499996,7.0120497,.019480519,.97402596,24,582,"Relaxing, culture and hobbies",Recreation and culture,Unisex,S,Services,64,6402
640224,TEN-PIN BOWLING PER GAME,21,109,0,130,-.027237343,6.9499998,7.1422997,.16153847,.83846152,275,548,"Relaxing, culture and hobbies",Recreation and culture,Unisex,S,Services,64,6402
640226,PRIVATE HEALTH CLUB ANNUAL FEE,7,104,3,114,-.017681779,390.5,414.21497,.061403509,.91228068,91,562,"Relaxing, culture and hobbies",Recreation and culture,Unisex,S,Services,64,6402
640240,LIVERY CHARGES PER WEEK,1,22,79,102,0,96.5,98.040001,.0098039219,.21568628,16,86,"Relaxing, culture and hobbies",Recreation and culture,Unisex,D,Goods,64,6402
640243,SOFT PLAY SESSION TIME PERIOD,2,127,0,129,-.027237352,6.25,6.4250002,.015503876,.98449612,20,584,"Relaxing, culture and hobbies",Recreation and culture,Child,S,Services,64,6402
640406,HOTEL 1 NIGHT PRICE,7,61,31,99,-.19902842,80,85.974998,.070707068,.61616164,105,495,Eating out and hotels,Restaurants and hotels,Unisex,S,Services,64,6404
210211,CORN SNACK SINGLE PACK MAX 50G,47,25,58,130,0,.85000002,.84575003,.36153847,.1923077,531,70.5,Food and drink,Food and non-alcoholic beverages,Unisex,ND,Goods,21,2102
211023,COOKED HAM PREPACKED SLICED,59,27,89,175,0,2,2,.33714285,.15428571,513,44,Food and drink,Food and non-alcoholic beverages,Unisex,ND,Goods,21,2110
211603,EGGS-LARGE-PER DOZ OR 2 X 6,20,94,36,150,-.022482876,2.2,2.3205602,.13333334,.62666667,226,498,Food and drink,Food and non-alcoholic beverages,Unisex,ND,Goods,21,2116
220214,STAFF RESTAURANT MAIN COURSE,4,42,13,59,-.036608875,1.7,2.0111001,.06779661,.71186441,99,528,Eating out and hotels,Restaurants and hotels,Unisex,S,Services,22,2202
310306,BOTTLE OF MIXER 125-200ML,94,277,13,384,-.02723733,1.5,1.5427501,.24479167,.72135419,420,529,Food and drink,Alcoholic beverages and tobacco,Unisex,ND,Goods,31,3103
310307,LIQUEUR PER NIP   SPECIFY ML,11,359,15,385,-.022482932,3.0999999,3.4204001,.028571429,.93246752,33.5,573,Alcohol and tobacco,Alcoholic beverages and tobacco,Unisex,ND,Goods,31,3103
310315,BOTTLE OF WINE 70-75CL,11,367,27,405,-.027237356,18.950001,19.461649,.027160494,.90617281,32,560,Eating out and hotels,Restaurants and hotels,Unisex,S,Services,31,3103
430140,SOFA BED,14,110,64,188,-.11268786,599.98999,781.25,.074468084,.58510637,112,481,Household,"Furniture, household equipment and maintenance",Unisex,D,Goods,43,4301
430317,ELECTRIC IRON,28,105,116,249,-.01574425,29.99,29.99,.1124498,.42168674,184,302,Household,"Furniture, household equipment and maintenance",Unisex,SD,Goods,43,4303
430525,CLEAR STICKY TAPE,26,109,138,273,0,1.5,1.5,.095238097,.39926741,147,268,"Relaxing, culture and hobbies","Furniture, household equipment and maintenance",Unisex,ND,Goods,43,4305
440127,MONTHLY SELF STORAGE FEE,14,65,29,108,-.024390252,99.834999,104.75087,.12962963,.60185188,219,490,Other goods and services,"Furniture, household equipment and maintenance",Unisex,S,Services,44,4401
510256,WOMEN'S SHOWERPROOF JACKET,36,73,50,159,0,80,90.900002,.2264151,.4591195,385,361,Clothes and shoes,Clothing and footwear,Women,SD,Goods,51,5102
510330,BABY SLEEPSUIT LONG SLEEVE,72,153,81,306,-.029126223,5,4.9942203,.23529412,.5,399.5,417,Clothes and shoes,Clothing and footwear,Child,SD,Goods,51,5103
510432,LADY'S SCARF,66,139,108,313,0,10,10,.21086262,.44408944,363,336,Clothes and shoes,Clothing and footwear,Women,SD,Goods,51,5104
630381,HAND WEIGHTS FOR HOME EXERCISE,76,69,49,194,0,16.02,14.08572,.39175257,.35567009,549,217,"Relaxing, culture and hobbies",,,,,63,6303
630381,HAND WEIGHTS FOR HOME EXERCISE,76,69,49,194,0,16.02,14.08572,.39175257,.35567009,549,217,"Relaxing, culture and hobbies",,,,,63,6303
630381,HAND WEIGHTS FOR HOME EXERCISE,76,69,49,194,0,16.02,14.08572,.39175257,.35567009,549,217,"Relaxing, culture and hobbies",,,,,63,6303
630381,HAND WEIGHTS FOR HOME EXERCISE,76,69,49,194,0,16.02,14.08572,.39175257,.35567009,549,217,"Relaxing, culture and hobbies",,,,,63,6303
630381,HAND WEIGHTS FOR HOME EXERCISE,76,69,49,194,0,16.02,14.08572,.39175257,.35567009,549,217,"Relaxing, culture and hobbies",,,,,63,6303
630381,HAND WEIGHTS FOR HOME EXERCISE,76,69,49,194,0,16.02,14.08572,.39175257,.35567009,549,217,"Relaxing, culture and hobbies",,,,,63,6303
630381,HAND WEIGHTS FOR HOME EXERCISE,76,69,49,194,0,16.02,14.08572,.39175257,.35567009,549,217,"Relaxing, culture and hobbies",,,,,63,6303
630381,HAND WEIGHTS FOR HOME EXERCISE,76,69,49,194,0,16.02,14.08572,.39175257,.35567009,549,217,"Relaxing, culture and hobbies",,,,,63,6303
630381,HAND WEIGHTS FOR HOME EXERCISE,76,69,49,194,0,16.02,14.08572,.39175257,.35567009,549,217,"Relaxing, culture and hobbies",,,,,63,6303
630381,HAND WEIGHTS FOR HOME EXERCISE,76,69,49,194,0,16.02,14.08572,.39175257,.35567009,549,217,"Relaxing, culture and hobbies",,,,,63,6303
630381,HAND WEIGHTS FOR HOME EXERCISE,76,69,49,194,0,16.02,14.08572,.39175257,.35567009,549,217,"Relaxing, culture and hobbies",,,,,63,6303
630381,HAND WEIGHTS FOR HOME EXERCISE,76,69,49,194,0,16.02,14.08572,.39175257,.35567009,549,217,"Relaxing, culture and hobbies",,,,,63,6303
630381,HAND WEIGHTS FOR HOME EXERCISE,76,69,49,194,0,16.02,14.08572,.39175257,.35567009,549,217,"Relaxing, culture and hobbies",,,,,63,6303
630381,HAND WEIGHTS FOR HOME EXERCISE,76,69,49,194,0,16.02,14.08572,.39175257,.35567009,549,217,"Relaxing, culture and hobbies",,,,,63,6303
